{"deviceType":"phone","buildMode":"debug","note":"false","logLevel":"3","isPreview":"true","checkEntry":"true","port":"29900","localPropertiesPath":"E:\\idea\\chaoxingsignfacker\\local.properties","Path":"D:\\OtherApp\\DevEco Studio\\tools\\node\\","aceProfilePath":"E:\\idea\\chaoxingsignfacker\\entry\\.preview\\default\\intermediates\\res\\default\\resources\\base\\profile","hapMode":"false","img2bin":"true","projectProfilePath":"E:\\idea\\chaoxingsignfacker\\build-profile.json5","watchMode":"true","appResource":"E:\\idea\\chaoxingsignfacker\\entry\\.preview\\default\\intermediates\\res\\default\\ResourceTable.txt","aceBuildJson":"E:\\idea\\chaoxingsignfacker\\entry\\.preview\\default\\intermediates\\loader\\default\\loader.json","aceModuleRoot":"E:\\idea\\chaoxingsignfacker\\entry\\src\\main\\ets","aceSoPath":"E:\\idea\\chaoxingsignfacker\\entry\\.preview\\cache\\nativeDependencies.txt","cachePath":"E:\\idea\\chaoxingsignfacker\\entry\\.preview\\cache\\.default","aceModuleBuild":"E:\\idea\\chaoxingsignfacker\\entry\\.preview\\default\\intermediates\\assets\\default\\ets","aceModuleJsonPath":"E:\\idea\\chaoxingsignfacker\\entry\\.preview\\default\\intermediates\\res\\default\\module.json","stageRouterConfig":{"paths":["E:\\idea\\chaoxingsignfacker\\entry\\.preview\\default\\intermediates\\res\\default\\module.json","E:\\idea\\chaoxingsignfacker\\entry\\.preview\\default\\intermediates\\res\\default\\resources\\base\\profile\\main_pages.json"],"contents":["{\"module\":{\"pages\":\"$profile:main_pages\",\"name\":\"entry\"}}","{\"src\":[\"pages/Index\",\"pages/LoginPage\"]}"]}}