{
  "string": [
    {
      "name": "EntryAbility_label",
      "value": "随地大小签"
    },
    {
      "name": "app_name",
      "value": "随地大小签"
    },
    {
      "name": "module_desc",
      "value": "module description"
    },
    {
      "name": "EntryAbility_desc",
      "value": "description"
    },
    {
      "name": "login",
      "value": "登录"
    },
    {
      "name": "user",
      "value": "用户中心"
    },
    {
      "name": "class_list",
      "value": "课程列表"
    },
    {
      "name": "defaultUname",
      "value": "请登录"
    },
    {
      "name": "defaultPhone",
      "value": "请登录"
    },
    {
      "name": "image_type",
      "value": "jpeg"
    },
    {
      "name": "share_btn",
      "value": "分享"
    },
    {
      "name": "other_user",
      "value": "代签"
    },
    {
      "name": "media",
      "value": "读取要上传的图片"
    }
  ]
}