{":chaoxingsignfacker:entry:default@PreBuild":{"_inputs":[{"dataType":"ValueEntry","value":"{\"_name\":\"BUILTIN_TASK_COMMAND\",\"_value\":\"\",\"_valueType\":\"string\",\"_hash\":\"0b5d05294fdf4e78e8482ef53eb64ac0\"}"},{"dataType":"ValueEntry","value":"{\"_name\":\"BUILTIN_TASK_ENV\",\"_value\":\"\",\"_valueType\":\"string\",\"_hash\":\"cdcdc2ec8062ca9ec1de46dbf2bbc053\"}"},{"dataType":"ValueEntry","value":"{\"_name\":\"BUILTIN_TASK_TOOLCHAIN\",\"_value\":\"\",\"_valueType\":\"string\",\"_hash\":\"e7f94a9422a8bc317a7d90b58efcb5f6\"}"},{"dataType":"ValueEntry","value":"{\"_name\":\"apiType\",\"_value\":\"stageMode\",\"_valueType\":\"string\",\"_hash\":\"699c7565645ea3ea8c88551a4926a3d5\"}"},{"dataType":"ValueEntry","value":"{\"_name\":\"byteCodeHar\",\"_value\":false,\"_valueType\":\"boolean\",\"_hash\":\"1918a3ccb645ccacd0aedd84fc6cf8a4\"}"},{"dataType":"ValueEntry","value":"{\"_name\":\"codeType\",\"_value\":true,\"_valueType\":\"boolean\",\"_hash\":\"d6dcf21a9f078b661283507536e57ce8\"}"},{"dataType":"ValueEntry","value":"{\"_name\":\"compatibleApiVersion\",\"_value\":17,\"_valueType\":\"number\",\"_hash\":\"7ebeb63c8f8703f7a7166363b4ae2928\"}"},{"dataType":"ValueEntry","value":"{\"_name\":\"compileApiVersion\",\"_value\":20,\"_valueType\":\"number\",\"_hash\":\"14d339ae8698188bb8a099fa02a008be\"}"},{"dataType":"ValueEntry","value":"{\"_name\":\"configuration\",\"_value\":\"\",\"_valueType\":\"string\",\"_hash\":\"d12f0038691f8f34d654391bbcee2f8e\"}"},{"dataType":"ValueEntry","value":"{\"_name\":\"configurationFileJson\",\"_value\":\"\",\"_valueType\":\"string\",\"_hash\":\"2b55287f40f7e8896b21bab4028e156b\"}"},{"dataType":"ValueEntry","value":"{\"_name\":\"customTypes\",\"_value\":\"\",\"_valueType\":\"string\",\"_hash\":\"970a2695bffac1c5a4fa283dc36050e3\"}"},{"dataType":"ValueEntry","value":"{\"_name\":\"deviceType\",\"_value\":[\"phone\",\"tablet\",\"2in1\"],\"_valueType\":\"object\",\"_hash\":\"82734343919a9219c848a93ce88dfb4d\"}"},{"dataType":"ValueEntry","value":"{\"_name\":\"excludeExpandImportDependencyNames\",\"_value\":[],\"_valueType\":\"object\",\"_hash\":\"0193351ec2f32eccfbf48ad5e0b90682\"}"},{"dataType":"ValueEntry","value":"{\"_name\":\"integrated_hsp\",\"_value\":false,\"_valueType\":\"boolean\",\"_hash\":\"2538281751f182d9123d2ab28efaf9be\"}"},{"dataType":"ValueEntry","value":"{\"_name\":\"isExpandImportEnabled\",\"_value\":false,\"_valueType\":\"boolean\",\"_hash\":\"b1205f4ab0d7f5ea3d08fc62ada326f3\"}"},{"dataType":"ValueEntry","value":"{\"_name\":\"isPreloadSystemSoEnabled\",\"_value\":false,\"_valueType\":\"boolean\",\"_hash\":\"c4acb1b795996dd37bb5da9b9d6d5a6c\"}"},{"dataType":"ValueEntry","value":"{\"_name\":\"isSingleFileEmitEnabled\",\"_value\":false,\"_valueType\":\"boolean\",\"_hash\":\"d134e8dc91cab6e80284a67f740061f1\"}"},{"dataType":"ValueEntry","value":"{\"_name\":\"isSupportOhpmProj\",\"_value\":true,\"_valueType\":\"boolean\",\"_hash\":\"f3a249d7e3f751316e931b8a08b074b4\"}"},{"dataType":"ValueEntry","value":"{\"_name\":\"mockConfigSources\",\"_value\":\"\",\"_valueType\":\"string\",\"_hash\":\"c489be8273867a50afbc86c53d938c92\"}"},{"dataType":"ValueEntry","value":"{\"_name\":\"moduleDependencyNames\",\"_value\":[],\"_valueType\":\"object\",\"_hash\":\"87c47fafa181bc24adadaf4aa2767fe8\"}"},{"dataType":"ValueEntry","value":"{\"_name\":\"moduleJsonOpt\",\"_value\":\"{\\\"jsonFilePath\\\":\\\"E:\\\\\\\\idea\\\\\\\\chaoxingsignfacker\\\\\\\\entry\\\\\\\\src\\\\\\\\main\\\\\\\\module.json5\\\",\\\"profile\\\":{\\\"module\\\":{\\\"routerMap\\\":\\\"$profile:router_map\\\",\\\"name\\\":\\\"entry\\\",\\\"type\\\":\\\"entry\\\",\\\"description\\\":\\\"$string:module_desc\\\",\\\"mainElement\\\":\\\"EntryAbility\\\",\\\"deviceTypes\\\":[\\\"phone\\\",\\\"tablet\\\",\\\"2in1\\\"],\\\"deliveryWithInstall\\\":true,\\\"installationFree\\\":false,\\\"pages\\\":\\\"$profile:main_pages\\\",\\\"abilities\\\":[{\\\"name\\\":\\\"EntryAbility\\\",\\\"srcEntry\\\":\\\"./ets/entryability/EntryAbility.ets\\\",\\\"description\\\":\\\"$string:EntryAbility_desc\\\",\\\"icon\\\":\\\"$media:layered_image\\\",\\\"label\\\":\\\"$string:EntryAbility_label\\\",\\\"startWindowIcon\\\":\\\"$media:startIcon\\\",\\\"startWindowBackground\\\":\\\"$color:start_window_background\\\",\\\"exported\\\":true,\\\"skills\\\":[{\\\"entities\\\":[\\\"entity.system.home\\\"],\\\"actions\\\":[\\\"action.system.home\\\"]}]}],\\\"extensionAbilities\\\":[{\\\"name\\\":\\\"EntryBackupAbility\\\",\\\"srcEntry\\\":\\\"./ets/entrybackupability/EntryBackupAbility.ets\\\",\\\"type\\\":\\\"backup\\\",\\\"exported\\\":false,\\\"metadata\\\":[{\\\"name\\\":\\\"ohos.extension.backup\\\",\\\"resource\\\":\\\"$profile:backup_config\\\"}]}],\\\"requestPermissions\\\":[{\\\"name\\\":\\\"ohos.permission.READ_MEDIA\\\",\\\"reason\\\":\\\"$string:media\\\",\\\"usedScene\\\":{\\\"abilities\\\":[\\\"EntryAbility\\\"],\\\"when\\\":\\\"always\\\"}},{\\\"name\\\":\\\"ohos.permission.INTERNET\\\"},{\\\"name\\\":\\\"ohos.permission.LOCATION\\\",\\\"reason\\\":\\\"$string:user\\\",\\\"usedScene\\\":{\\\"abilities\\\":[\\\"EntryAbility\\\"],\\\"when\\\":\\\"always\\\"}},{\\\"name\\\":\\\"ohos.permission.WRITE_MEDIA\\\",\\\"reason\\\":\\\"$string:media\\\",\\\"usedScene\\\":{\\\"abilities\\\":[\\\"EntryAbility\\\"],\\\"when\\\":\\\"always\\\"}}]}},\\\"deviceTypes\\\":[\\\"phone\\\",\\\"tablet\\\",\\\"2in1\\\"],\\\"deviceConfig\\\":\\\"deviceTypes\\\",\\\"configurationProfile\\\":\\\"module.json5\\\"}\",\"_valueType\":\"string\",\"_hash\":\"cc29168fb138e48d8a28dfe66874fade\"}"},{"dataType":"ValueEntry","value":"{\"_name\":\"profileModuleName\",\"_value\":\"entry\",\"_valueType\":\"string\",\"_hash\":\"b174ea6ff5824844dde5ad92f6b3ef2b\"}"},{"dataType":"ValueEntry","value":"{\"_name\":\"removePermissions\",\"_valueType\":\"undefined\",\"_hash\":\"0703cfc523a152c6195a8fd1935503e5\"}"},{"dataType":"ValueEntry","value":"{\"_name\":\"sdkToolchainsComponentVersion\",\"_value\":\"6.0.0.47\",\"_valueType\":\"string\",\"_hash\":\"c127f4ea36b6aa4ea112cf2815ac6aa8\"}"},{"dataType":"ValueEntry","value":"{\"_name\":\"sourceRoots\",\"_value\":true,\"_valueType\":\"boolean\",\"_hash\":\"a369c115d2c4122f3819759804ec9d35\"}"},{"dataType":"ValueEntry","value":"{\"_name\":\"targetStatusCode\",\"_value\":2,\"_valueType\":\"number\",\"_hash\":\"5a9255c0f4ee50904a9349ebafca8369\"}"},{"dataType":"ValueEntry","value":"{\"_name\":\"transformLib\",\"_value\":\"\",\"_valueType\":\"string\",\"_hash\":\"7d270d0ce7ae5c6e2e32760cb396ea5a\"}"},{"dataType":"ValueEntry","value":"{\"_name\":\"useNormalizedOHMUrl\",\"_value\":true,\"_valueType\":\"boolean\",\"_hash\":\"05eabcf12e6fe230e579e0fd37679db6\"}"}],"_successful":true,"_projectName":"chaoxingsignfacker","_moduleName":"entry","_taskName":"default@PreBuild","_key":":chaoxingsignfacker:entry:default@PreBuild","_executionId":":chaoxingsignfacker:entry:default@PreBuild:1761200174894","_inputFiles":{"dataType":"Map","value":[["E:\\idea\\chaoxingsignfacker\\AppScope\\app.json5",{"isDirectory":false,"fileSnapShotHashValue":"e0223966b28cbe2d9dbf64fae9a933a9"}],["E:\\idea\\chaoxingsignfacker\\entry\\src\\main\\module.json5",{"isDirectory":false,"fileSnapShotHashValue":"9527275c0d62eb3232a3b1ca98b15ef5"}],["E:\\idea\\chaoxingsignfacker\\build-profile.json5",{"fileSnapShotHashValue":"9bff3443c7d196551d9db44c2c0a8b45"}],["E:\\idea\\chaoxingsignfacker\\entry\\build-profile.json5",{"fileSnapShotHashValue":"104d3a480592c7b96dadc4e28f7fc7dd"}],["E:\\idea\\chaoxingsignfacker\\entry\\src\\main\\resources\\base\\profile\\router_map.json",{"fileSnapShotHashValue":"f9c27960dff03158eb29441449800411"}],["E:\\idea\\chaoxingsignfacker\\entry\\src\\main\\resources\\base\\profile\\main_pages.json",{"fileSnapShotHashValue":"0acb857ccc4b8fb5198c6a6fd9283f31"}],["E:\\idea\\chaoxingsignfacker\\hvigor\\hvigor-config.json5",{"isDirectory":true,"fileSnapShotHashValue":"8a00af13b262c23aa961f5fce3d98507"}],["E:\\idea\\chaoxingsignfacker\\entry\\src\\mock\\mock-config.json5",{"isDirectory":false,"fileSnapShotHashValue":"029586c5776aa93fde588bb6b2114144"}],["E:\\idea\\chaoxingsignfacker\\entry\\oh-package.json5",{"fileSnapShotHashValue":"209eb58137efa6f10ec41b1172046f46"}],["E:\\idea\\chaoxingsignfacker\\oh-package.json5",{"fileSnapShotHashValue":"245b21cb6192088ec14b06b5e04a2a90"}]]},"_outputFiles":{"dataType":"Map","value":[]}},":chaoxingsignfacker:entry:default@CreateModuleInfo":{"_inputs":[{"dataType":"ValueEntry","value":"{\"_name\":\"ohosUiTransformOptimization\",\"_value\":false,\"_valueType\":\"boolean\"}"},{"dataType":"ValueEntry","value":"{\"_name\":\"BUILTIN_TASK_COMMAND\",\"_value\":\"\",\"_valueType\":\"string\"}"},{"dataType":"ValueEntry","value":"{\"_name\":\"BUILTIN_TASK_TOOLCHAIN\",\"_value\":\"\",\"_valueType\":\"string\"}"},{"dataType":"ValueEntry","value":"{\"_name\":\"BUILTIN_TASK_ENV\",\"_value\":\"\",\"_valueType\":\"string\"}"}],"_successful":false,"_projectName":"chaoxingsignfacker","_moduleName":"entry","_taskName":"default@CreateModuleInfo","_key":":chaoxingsignfacker:entry:default@CreateModuleInfo","_executionId":":chaoxingsignfacker:entry:default@CreateModuleInfo:1761829827460","_inputFiles":{"dataType":"Map","value":[]},"_outputFiles":{"dataType":"Map","value":[["E:\\idea\\chaoxingsignfacker\\entry\\build\\default\\generated\\profile\\default\\ModuleInfo.ts",{"isDirectory":false,"fileSnapShotHashValue":""}]]}},":chaoxingsignfacker:entry:default@GenerateMetadata":{"_inputs":[{"dataType":"ValueEntry","value":"{\"_name\":\"BUILTIN_TASK_COMMAND\",\"_value\":\"\",\"_valueType\":\"string\",\"_hash\":\"0b5d05294fdf4e78e8482ef53eb64ac0\"}"},{"dataType":"ValueEntry","value":"{\"_name\":\"BUILTIN_TASK_ENV\",\"_value\":\"\",\"_valueType\":\"string\",\"_hash\":\"cdcdc2ec8062ca9ec1de46dbf2bbc053\"}"},{"dataType":"ValueEntry","value":"{\"_name\":\"BUILTIN_TASK_TOOLCHAIN\",\"_value\":\"\",\"_valueType\":\"string\",\"_hash\":\"e7f94a9422a8bc317a7d90b58efcb5f6\"}"},{"dataType":"ValueEntry","value":"{\"_name\":\"artifactName\",\"_value\":\"\",\"_valueType\":\"string\",\"_hash\":\"7f42b9cbe0181813f8dc60881bf90988\"}"},{"dataType":"ValueEntry","value":"{\"_name\":\"isSigned\",\"_value\":true,\"_valueType\":\"boolean\",\"_hash\":\"64af347b4db9779050781c231d4eec1b\"}"},{"dataType":"ValueEntry","value":"{\"_name\":\"relatedEntryModules\",\"_value\":\"\",\"_valueType\":\"string\",\"_hash\":\"85b4d1fa598cae3838191eb99a09f4dd\"}"},{"dataType":"ValueEntry","value":"{\"_name\":\"remoteHspMetaData\",\"_value\":[],\"_valueType\":\"object\",\"_hash\":\"fbb8220e0c8d7b6197c24bdb06eb568c\"}"},{"dataType":"ValueEntry","value":"{\"_name\":\"targetDeviceType\",\"_value\":[\"phone\",\"tablet\",\"2in1\"],\"_valueType\":\"object\",\"_hash\":\"ba692565ec35e5756249b1d95725260c\"}"}],"_successful":true,"_projectName":"chaoxingsignfacker","_moduleName":"entry","_taskName":"default@GenerateMetadata","_key":":chaoxingsignfacker:entry:default@GenerateMetadata","_executionId":":chaoxingsignfacker:entry:default@GenerateMetadata:1761410738892","_inputFiles":{"dataType":"Map","value":[["E:\\idea\\chaoxingsignfacker\\entry\\src\\main\\module.json5",{"fileSnapShotHashValue":"9527275c0d62eb3232a3b1ca98b15ef5"}]]},"_outputFiles":{"dataType":"Map","value":[["E:\\idea\\chaoxingsignfacker\\entry\\build\\default\\intermediates\\hap_metadata\\default\\output_metadata.json",{"fileSnapShotHashValue":"2a7564f09af02c599b6d6626baa10296"}]]}},":chaoxingsignfacker:entry:default@MergeProfile":{"_inputs":[{"dataType":"ValueEntry","value":"{\"_name\":\"BUILTIN_TASK_COMMAND\",\"_value\":\"\",\"_valueType\":\"string\",\"_hash\":\"0b5d05294fdf4e78e8482ef53eb64ac0\"}"},{"dataType":"ValueEntry","value":"{\"_name\":\"BUILTIN_TASK_ENV\",\"_value\":\"\",\"_valueType\":\"string\",\"_hash\":\"cdcdc2ec8062ca9ec1de46dbf2bbc053\"}"},{"dataType":"ValueEntry","value":"{\"_name\":\"BUILTIN_TASK_TOOLCHAIN\",\"_value\":\"\",\"_valueType\":\"string\",\"_hash\":\"e7f94a9422a8bc317a7d90b58efcb5f6\"}"},{"dataType":"ValueEntry","value":"{\"_name\":\"appJsonOpt\",\"_value\":\"{\\\"app\\\":{\\\"bundleName\\\":\\\"com.xhub.chaoxingsignfacker\\\",\\\"vendor\\\":\\\"example\\\",\\\"versionCode\\\":1000000,\\\"versionName\\\":\\\"1.0.0\\\",\\\"icon\\\":\\\"$media:layered_image\\\",\\\"label\\\":\\\"$string:app_name\\\"}}\",\"_valueType\":\"string\",\"_hash\":\"0ce24ba8dd8ea61a22d408d59f0772d6\"}"},{"dataType":"ValueEntry","value":"{\"_name\":\"asanEnable\",\"_value\":false,\"_valueType\":\"boolean\",\"_hash\":\"bc2129ba20a21b7e5234139ede1b4d7b\"}"},{"dataType":"ValueEntry","value":"{\"_name\":\"buildProfileAbilities\",\"_valueType\":\"undefined\",\"_hash\":\"40d5093f345351dd6d67ce5d6a209345\"}"},{"dataType":"ValueEntry","value":"{\"_name\":\"buildRoot\",\"_value\":\"build\",\"_valueType\":\"string\",\"_hash\":\"4c2dd7bb7507f74001ec27f2936db7f9\"}"},{"dataType":"ValueEntry","value":"{\"_name\":\"compatibleSdkVersion\",\"_value\":17,\"_valueType\":\"number\",\"_hash\":\"67f3677f856d8ed1468ea78c69f4fbd9\"}"},{"dataType":"ValueEntry","value":"{\"_name\":\"hwasanEnable\",\"_value\":false,\"_valueType\":\"boolean\",\"_hash\":\"d35c8440e915c3a94c482ddd6f7af075\"}"},{"dataType":"ValueEntry","value":"{\"_name\":\"includeAppScopeRes\",\"_value\":\"\",\"_valueType\":\"string\",\"_hash\":\"f7a63c7a6a8f0303e1c2b3b71d3b71d0\"}"},{"dataType":"ValueEntry","value":"{\"_name\":\"integratedHsp\",\"_value\":false,\"_valueType\":\"boolean\",\"_hash\":\"e67900c25b1f9fb70cc779de77dc6912\"}"},{"dataType":"ValueEntry","value":"{\"_name\":\"isBundledDependencies\",\"_value\":false,\"_valueType\":\"boolean\",\"_hash\":\"a69aa552317c7a6e087cb84a5722e050\"}"},{"dataType":"ValueEntry","value":"{\"_name\":\"isDebug\",\"_value\":true,\"_valueType\":\"boolean\",\"_hash\":\"edbf05a2d2be2c385e75d9565a48d419\"}"},{"dataType":"ValueEntry","value":"{\"_name\":\"isHarModule\",\"_value\":false,\"_valueType\":\"boolean\",\"_hash\":\"a15b7a3ed818faa99a4a10d67f52cb72\"}"},{"dataType":"ValueEntry","value":"{\"_name\":\"moduleJsonOpt\",\"_value\":\"{\\\"module\\\":{\\\"routerMap\\\":\\\"$profile:router_map\\\",\\\"name\\\":\\\"entry\\\",\\\"type\\\":\\\"entry\\\",\\\"description\\\":\\\"$string:module_desc\\\",\\\"mainElement\\\":\\\"EntryAbility\\\",\\\"deviceTypes\\\":[\\\"phone\\\",\\\"tablet\\\",\\\"2in1\\\"],\\\"deliveryWithInstall\\\":true,\\\"installationFree\\\":false,\\\"pages\\\":\\\"$profile:main_pages\\\",\\\"abilities\\\":[{\\\"name\\\":\\\"EntryAbility\\\",\\\"srcEntry\\\":\\\"./ets/entryability/EntryAbility.ets\\\",\\\"description\\\":\\\"$string:EntryAbility_desc\\\",\\\"icon\\\":\\\"$media:layered_image\\\",\\\"label\\\":\\\"$string:EntryAbility_label\\\",\\\"startWindowIcon\\\":\\\"$media:startIcon\\\",\\\"startWindowBackground\\\":\\\"$color:start_window_background\\\",\\\"exported\\\":true,\\\"skills\\\":[{\\\"entities\\\":[\\\"entity.system.home\\\"],\\\"actions\\\":[\\\"action.system.home\\\"]}]}],\\\"extensionAbilities\\\":[{\\\"name\\\":\\\"EntryBackupAbility\\\",\\\"srcEntry\\\":\\\"./ets/entrybackupability/EntryBackupAbility.ets\\\",\\\"type\\\":\\\"backup\\\",\\\"exported\\\":false,\\\"metadata\\\":[{\\\"name\\\":\\\"ohos.extension.backup\\\",\\\"resource\\\":\\\"$profile:backup_config\\\"}]}],\\\"requestPermissions\\\":[{\\\"name\\\":\\\"ohos.permission.READ_MEDIA\\\",\\\"reason\\\":\\\"$string:media\\\",\\\"usedScene\\\":{\\\"abilities\\\":[\\\"EntryAbility\\\"],\\\"when\\\":\\\"always\\\"}},{\\\"name\\\":\\\"ohos.permission.INTERNET\\\"},{\\\"name\\\":\\\"ohos.permission.LOCATION\\\",\\\"reason\\\":\\\"$string:user\\\",\\\"usedScene\\\":{\\\"abilities\\\":[\\\"EntryAbility\\\"],\\\"when\\\":\\\"always\\\"}},{\\\"name\\\":\\\"ohos.permission.WRITE_MEDIA\\\",\\\"reason\\\":\\\"$string:media\\\",\\\"usedScene\\\":{\\\"abilities\\\":[\\\"EntryAbility\\\"],\\\"when\\\":\\\"always\\\"}}]}}\",\"_valueType\":\"string\",\"_hash\":\"3a3ab00867ae4f2c8363d79f225dc816\"}"},{"dataType":"ValueEntry","value":"{\"_name\":\"multiProjects\",\"_value\":false,\"_valueType\":\"boolean\",\"_hash\":\"555604752defc243b4e4c55d1549fc06\"}"},{"dataType":"ValueEntry","value":"{\"_name\":\"ohLibs\",\"_value\":[\"E:\\\\idea\\\\chaoxingsignfacker\\\\oh_modules\\\\.ohpm\\\\@hadss+debug-db@1.0.0-rc.9\\\\oh_modules\\\\@hadss\\\\debug-db\\\\src\\\\main\\\\module.json\",\"E:\\\\idea\\\\chaoxingsignfacker\\\\oh_modules\\\\.ohpm\\\\@ohos+polka@1.0.3\\\\oh_modules\\\\@ohos\\\\polka\\\\src\\\\main\\\\module.json\",\"E:\\\\idea\\\\chaoxingsignfacker\\\\oh_modules\\\\.ohpm\\\\@ohos+node-polyfill@1.0.0\\\\oh_modules\\\\@ohos\\\\node-polyfill\\\\src\\\\main\\\\module.json\"],\"_valueType\":\"object\",\"_hash\":\"5e5092db6ed021c64fef20ab4f9a4cc2\"}"},{"dataType":"ValueEntry","value":"{\"_name\":\"packageName\",\"_value\":\"entry\",\"_valueType\":\"string\",\"_hash\":\"a754c30e6c7696d34a7f9aca5e67d70a\"}"},{"dataType":"ValueEntry","value":"{\"_name\":\"projectConfigAppOpt\",\"_valueType\":\"undefined\",\"_hash\":\"b52997704fa206ed96a13a1f2e464a85\"}"},{"dataType":"ValueEntry","value":"{\"_name\":\"releaseType\",\"_value\":\"Release\",\"_valueType\":\"string\",\"_hash\":\"bbcabdda034e97584f8c36f85b3ec517\"}"},{"dataType":"ValueEntry","value":"{\"_name\":\"removePermissions\",\"_valueType\":\"undefined\",\"_hash\":\"0703cfc523a152c6195a8fd1935503e5\"}"},{"dataType":"ValueEntry","value":"{\"_name\":\"targetSdkVersion\",\"_value\":20,\"_valueType\":\"number\",\"_hash\":\"94318ee66b276d9f7c056294403d2f58\"}"},{"dataType":"ValueEntry","value":"{\"_name\":\"tsanEnable\",\"_value\":false,\"_valueType\":\"boolean\",\"_hash\":\"086cac69f102cdd9ee25e54982ad7b76\"}"},{"dataType":"ValueEntry","value":"{\"_name\":\"ubsanEnable\",\"_value\":false,\"_valueType\":\"boolean\",\"_hash\":\"3b15da42c5f4b695fbd1d0b43191764a\"}"}],"_successful":true,"_projectName":"chaoxingsignfacker","_moduleName":"entry","_taskName":"default@MergeProfile","_key":":chaoxingsignfacker:entry:default@MergeProfile","_executionId":":chaoxingsignfacker:entry:default@MergeProfile:1761410738905","_inputFiles":{"dataType":"Map","value":[["E:\\idea\\chaoxingsignfacker\\AppScope\\app.json5",{"fileSnapShotHashValue":"e0223966b28cbe2d9dbf64fae9a933a9"}],["E:\\idea\\chaoxingsignfacker\\build-profile.json5",{"fileSnapShotHashValue":"9bff3443c7d196551d9db44c2c0a8b45"}],["E:\\idea\\chaoxingsignfacker\\entry\\src\\main\\module.json5",{"fileSnapShotHashValue":"9527275c0d62eb3232a3b1ca98b15ef5"}],["E:\\idea\\chaoxingsignfacker\\oh_modules\\.ohpm\\@hadss+debug-db@1.0.0-rc.9\\oh_modules\\@hadss\\debug-db\\src\\main\\module.json",{"fileSnapShotHashValue":"93b011e7bd754856e96e622298dddda4"}],["E:\\idea\\chaoxingsignfacker\\oh_modules\\.ohpm\\@ohos+polka@1.0.3\\oh_modules\\@ohos\\polka\\src\\main\\module.json",{"fileSnapShotHashValue":"510af531a7072bbef21267d951dabdbd"}],["E:\\idea\\chaoxingsignfacker\\oh_modules\\.ohpm\\@ohos+node-polyfill@1.0.0\\oh_modules\\@ohos\\node-polyfill\\src\\main\\module.json",{"fileSnapShotHashValue":"901ee6264378e36252d71a86ea120875"}]]},"_outputFiles":{"dataType":"Map","value":[["E:\\idea\\chaoxingsignfacker\\entry\\build\\default\\intermediates\\merge_profile\\default\\module.json",{"fileSnapShotHashValue":"e1715e3bc44e46bfcc082d58165a105d"}]]}},":chaoxingsignfacker:entry:default@CreateBuildProfile":{"_inputs":[{"dataType":"ValueEntry","value":"{\"_name\":\"BUILTIN_TASK_COMMAND\",\"_value\":\"\",\"_valueType\":\"string\",\"_hash\":\"0b5d05294fdf4e78e8482ef53eb64ac0\"}"},{"dataType":"ValueEntry","value":"{\"_name\":\"BUILTIN_TASK_ENV\",\"_value\":\"\",\"_valueType\":\"string\",\"_hash\":\"cdcdc2ec8062ca9ec1de46dbf2bbc053\"}"},{"dataType":"ValueEntry","value":"{\"_name\":\"BUILTIN_TASK_TOOLCHAIN\",\"_value\":\"\",\"_valueType\":\"string\",\"_hash\":\"e7f94a9422a8bc317a7d90b58efcb5f6\"}"},{"dataType":"ValueEntry","value":"{\"_name\":\"buildMode\",\"_value\":\"Debug\",\"_valueType\":\"string\",\"_hash\":\"8120d22ada0d6de22b101e1f4ea16e81\"}"},{"dataType":"ValueEntry","value":"{\"_name\":\"buildModeName\",\"_value\":\"debug\",\"_valueType\":\"string\",\"_hash\":\"3f0246ea410fd9efa9fc7196cca045e3\"}"},{"dataType":"ValueEntry","value":"{\"_name\":\"buildProfileFields\",\"_value\":\"\",\"_valueType\":\"string\",\"_hash\":\"21090e125326cef17357e44b789a1ab5\"}"},{"dataType":"ValueEntry","value":"{\"_name\":\"projectOhosConfigAppOpt\",\"_value\":\"\",\"_valueType\":\"string\",\"_hash\":\"7613f1b2cb16d78bb723d12882b0d923\"}"}],"_successful":true,"_projectName":"chaoxingsignfacker","_moduleName":"entry","_taskName":"default@CreateBuildProfile","_key":":chaoxingsignfacker:entry:default@CreateBuildProfile","_executionId":":chaoxingsignfacker:entry:default@CreateBuildProfile:1761410738955","_inputFiles":{"dataType":"Map","value":[["E:\\idea\\chaoxingsignfacker\\AppScope\\app.json5",{"fileSnapShotHashValue":"e0223966b28cbe2d9dbf64fae9a933a9"}],["E:\\idea\\chaoxingsignfacker\\build-profile.json5",{"fileSnapShotHashValue":"9bff3443c7d196551d9db44c2c0a8b45"}]]},"_outputFiles":{"dataType":"Map","value":[["E:\\idea\\chaoxingsignfacker\\entry\\build\\default\\generated\\profile\\default\\BuildProfile.ets",{"fileSnapShotHashValue":"8bb325cc5dddfb13aa6d503928fbed59"}]]}},":chaoxingsignfacker:entry:default@GeneratePkgContextInfo":{"_inputs":[{"dataType":"ValueEntry","value":"{\"_name\":\"BUILTIN_TASK_COMMAND\",\"_value\":\"\",\"_valueType\":\"string\",\"_hash\":\"0b5d05294fdf4e78e8482ef53eb64ac0\"}"},{"dataType":"ValueEntry","value":"{\"_name\":\"BUILTIN_TASK_ENV\",\"_value\":\"\",\"_valueType\":\"string\",\"_hash\":\"cdcdc2ec8062ca9ec1de46dbf2bbc053\"}"},{"dataType":"ValueEntry","value":"{\"_name\":\"BUILTIN_TASK_TOOLCHAIN\",\"_value\":\"\",\"_valueType\":\"string\",\"_hash\":\"e7f94a9422a8bc317a7d90b58efcb5f6\"}"},{"dataType":"ValueEntry","value":"{\"_name\":\"pkgContextInfoMap\",\"_value\":\"{\\\"@hadss/debug-db\\\":{\\\"packageName\\\":\\\"@hadss/debug-db\\\",\\\"bundleName\\\":\\\"\\\",\\\"moduleName\\\":\\\"\\\",\\\"version\\\":\\\"1.0.0-rc.9\\\",\\\"entryPath\\\":\\\"Index.ets\\\",\\\"isSO\\\":false,\\\"dependencyAlias\\\":\\\"\\\"},\\\"@ohos/hypium\\\":{\\\"packageName\\\":\\\"@ohos/hypium\\\",\\\"bundleName\\\":\\\"\\\",\\\"moduleName\\\":\\\"\\\",\\\"version\\\":\\\"1.0.21\\\",\\\"entryPath\\\":\\\"index.js\\\",\\\"isSO\\\":false,\\\"dependencyAlias\\\":\\\"\\\"},\\\"@ohos/hamock\\\":{\\\"packageName\\\":\\\"@ohos/hamock\\\",\\\"bundleName\\\":\\\"\\\",\\\"moduleName\\\":\\\"\\\",\\\"version\\\":\\\"1.0.0\\\",\\\"entryPath\\\":\\\"index.ets\\\",\\\"isSO\\\":false,\\\"dependencyAlias\\\":\\\"\\\"},\\\"@ohos/polka\\\":{\\\"packageName\\\":\\\"@ohos/polka\\\",\\\"bundleName\\\":\\\"\\\",\\\"moduleName\\\":\\\"\\\",\\\"version\\\":\\\"1.0.3\\\",\\\"entryPath\\\":\\\"src/main/ets/polka/index.js\\\",\\\"isSO\\\":false,\\\"dependencyAlias\\\":\\\"\\\"},\\\"@ohos/node-polyfill\\\":{\\\"packageName\\\":\\\"@ohos/node-polyfill\\\",\\\"bundleName\\\":\\\"\\\",\\\"moduleName\\\":\\\"\\\",\\\"version\\\":\\\"1.0.0\\\",\\\"entryPath\\\":\\\"Index.js\\\",\\\"isSO\\\":false,\\\"dependencyAlias\\\":\\\"\\\"},\\\"entry\\\":{\\\"packageName\\\":\\\"entry\\\",\\\"bundleName\\\":\\\"\\\",\\\"moduleName\\\":\\\"\\\",\\\"version\\\":\\\"\\\",\\\"entryPath\\\":\\\"src/main/\\\",\\\"isSO\\\":false,\\\"dependencyAlias\\\":\\\"\\\"}}\",\"_valueType\":\"string\",\"_hash\":\"5111faa2e8994b20393edb3cf0bbc273\"}"},{"dataType":"ValueEntry","value":"{\"_name\":\"useNormalizedOHMUrl\",\"_value\":true,\"_valueType\":\"boolean\",\"_hash\":\"05eabcf12e6fe230e579e0fd37679db6\"}"}],"_successful":true,"_projectName":"chaoxingsignfacker","_moduleName":"entry","_taskName":"default@GeneratePkgContextInfo","_key":":chaoxingsignfacker:entry:default@GeneratePkgContextInfo","_executionId":":chaoxingsignfacker:entry:default@GeneratePkgContextInfo:1761410738973","_inputFiles":{"dataType":"Map","value":[]},"_outputFiles":{"dataType":"Map","value":[["E:\\idea\\chaoxingsignfacker\\entry\\build\\default\\intermediates\\loader\\default\\pkgContextInfo.json",{"isDirectory":false,"fileSnapShotHashValue":"3cdae5d638d74b260e550e918ad2aa4a"}]]}},":chaoxingsignfacker:entry:default@ProcessIntegratedHsp":{"_inputs":[{"dataType":"ValueEntry","value":"{\"_name\":\"bundleName\",\"_value\":\"com.xhub.chaoxingsignfacker\",\"_valueType\":\"string\"}"},{"dataType":"ValueEntry","value":"{\"_name\":\"versionCode\",\"_value\":1000000,\"_valueType\":\"number\"}"},{"dataType":"ValueEntry","value":"{\"_name\":\"BUILTIN_TASK_COMMAND\",\"_value\":\"\",\"_valueType\":\"string\"}"},{"dataType":"ValueEntry","value":"{\"_name\":\"BUILTIN_TASK_TOOLCHAIN\",\"_value\":\"\",\"_valueType\":\"string\"}"},{"dataType":"ValueEntry","value":"{\"_name\":\"BUILTIN_TASK_ENV\",\"_value\":\"\",\"_valueType\":\"string\"}"}],"_successful":true,"_projectName":"chaoxingsignfacker","_moduleName":"entry","_taskName":"default@ProcessIntegratedHsp","_key":":chaoxingsignfacker:entry:default@ProcessIntegratedHsp","_executionId":":chaoxingsignfacker:entry:default@ProcessIntegratedHsp:1761829827488","_inputFiles":{"dataType":"Map","value":[]},"_outputFiles":{"dataType":"Map","value":[["E:\\idea\\chaoxingsignfacker\\build\\cache\\default\\integrated_hsp\\integratedHspCache.json",{"isDirectory":false,"fileSnapShotHashValue":""}]]}},":chaoxingsignfacker:entry:default@MakePackInfo":{"_inputs":[{"dataType":"ValueEntry","value":"{\"_name\":\"BUILTIN_TASK_COMMAND\",\"_value\":\"\",\"_valueType\":\"string\",\"_hash\":\"0b5d05294fdf4e78e8482ef53eb64ac0\"}"},{"dataType":"ValueEntry","value":"{\"_name\":\"BUILTIN_TASK_ENV\",\"_value\":\"\",\"_valueType\":\"string\",\"_hash\":\"cdcdc2ec8062ca9ec1de46dbf2bbc053\"}"},{"dataType":"ValueEntry","value":"{\"_name\":\"BUILTIN_TASK_TOOLCHAIN\",\"_value\":\"\",\"_valueType\":\"string\",\"_hash\":\"e7f94a9422a8bc317a7d90b58efcb5f6\"}"},{"dataType":"ValueEntry","value":"{\"_name\":\"appResOpt\",\"_value\":\"{\\\"app\\\":{\\\"bundleName\\\":\\\"com.xhub.chaoxingsignfacker\\\",\\\"vendor\\\":\\\"example\\\",\\\"versionCode\\\":1000000,\\\"versionName\\\":\\\"1.0.0\\\",\\\"icon\\\":\\\"$media:layered_image\\\",\\\"label\\\":\\\"$string:app_name\\\"}}\",\"_valueType\":\"string\",\"_hash\":\"4c9f6d702c0f9c7a63a3bfd590ee88cd\"}"},{"dataType":"ValueEntry","value":"{\"_name\":\"compatibleSdkVersion\",\"_value\":17,\"_valueType\":\"number\",\"_hash\":\"67f3677f856d8ed1468ea78c69f4fbd9\"}"},{"dataType":"ValueEntry","value":"{\"_name\":\"compileSdkVersion\",\"_value\":20,\"_valueType\":\"number\",\"_hash\":\"8402c244c223021fb2d8c8d45800f0df\"}"},{"dataType":"ValueEntry","value":"{\"_name\":\"deviceTypes\",\"_value\":[\"phone\",\"tablet\",\"2in1\"],\"_valueType\":\"object\",\"_hash\":\"955f8760c6b7289b81ed107c2c4df075\"}"},{"dataType":"ValueEntry","value":"{\"_name\":\"integratedHsp\",\"_value\":false,\"_valueType\":\"boolean\",\"_hash\":\"e67900c25b1f9fb70cc779de77dc6912\"}"},{"dataType":"ValueEntry","value":"{\"_name\":\"moduleJsonOpt\",\"_value\":\"{\\\"module\\\":{\\\"routerMap\\\":\\\"$profile:router_map\\\",\\\"name\\\":\\\"entry\\\",\\\"type\\\":\\\"entry\\\",\\\"description\\\":\\\"$string:module_desc\\\",\\\"mainElement\\\":\\\"EntryAbility\\\",\\\"deviceTypes\\\":[\\\"phone\\\",\\\"tablet\\\",\\\"2in1\\\"],\\\"deliveryWithInstall\\\":true,\\\"pages\\\":\\\"$profile:main_pages\\\",\\\"abilities\\\":[{\\\"name\\\":\\\"EntryAbility\\\",\\\"srcEntry\\\":\\\"./ets/entryability/EntryAbility.ets\\\",\\\"description\\\":\\\"$string:EntryAbility_desc\\\",\\\"icon\\\":\\\"$media:layered_image\\\",\\\"label\\\":\\\"$string:EntryAbility_label\\\",\\\"startWindowIcon\\\":\\\"$media:startIcon\\\",\\\"startWindowBackground\\\":\\\"$color:start_window_background\\\",\\\"exported\\\":true,\\\"skills\\\":[{\\\"entities\\\":[\\\"entity.system.home\\\"],\\\"actions\\\":[\\\"action.system.home\\\"]}]}],\\\"extensionAbilities\\\":[{\\\"name\\\":\\\"EntryBackupAbility\\\",\\\"srcEntry\\\":\\\"./ets/entrybackupability/EntryBackupAbility.ets\\\",\\\"type\\\":\\\"backup\\\",\\\"exported\\\":false,\\\"metadata\\\":[{\\\"name\\\":\\\"ohos.extension.backup\\\",\\\"resource\\\":\\\"$profile:backup_config\\\"}]}],\\\"requestPermissions\\\":[{\\\"name\\\":\\\"ohos.permission.READ_MEDIA\\\",\\\"reason\\\":\\\"$string:media\\\",\\\"usedScene\\\":{\\\"abilities\\\":[\\\"EntryAbility\\\"],\\\"when\\\":\\\"always\\\"}},{\\\"name\\\":\\\"ohos.permission.INTERNET\\\"},{\\\"name\\\":\\\"ohos.permission.LOCATION\\\",\\\"reason\\\":\\\"$string:user\\\",\\\"usedScene\\\":{\\\"abilities\\\":[\\\"EntryAbility\\\"],\\\"when\\\":\\\"always\\\"}},{\\\"name\\\":\\\"ohos.permission.WRITE_MEDIA\\\",\\\"reason\\\":\\\"$string:media\\\",\\\"usedScene\\\":{\\\"abilities\\\":[\\\"EntryAbility\\\"],\\\"when\\\":\\\"always\\\"}}]}}\",\"_valueType\":\"string\",\"_hash\":\"481732e4b4543e6b0d617544bd71fb68\"}"},{"dataType":"ValueEntry","value":"{\"_name\":\"projectConfigAppOpt\",\"_valueType\":\"undefined\",\"_hash\":\"b52997704fa206ed96a13a1f2e464a85\"}"},{"dataType":"ValueEntry","value":"{\"_name\":\"releaseType\",\"_value\":\"Release\",\"_valueType\":\"string\",\"_hash\":\"bbcabdda034e97584f8c36f85b3ec517\"}"}],"_successful":true,"_projectName":"chaoxingsignfacker","_moduleName":"entry","_taskName":"default@MakePackInfo","_key":":chaoxingsignfacker:entry:default@MakePackInfo","_executionId":":chaoxingsignfacker:entry:default@MakePackInfo:1761410738983","_inputFiles":{"dataType":"Map","value":[["E:\\idea\\chaoxingsignfacker\\AppScope\\app.json5",{"fileSnapShotHashValue":"e0223966b28cbe2d9dbf64fae9a933a9"}],["E:\\idea\\chaoxingsignfacker\\entry\\src\\main\\module.json5",{"fileSnapShotHashValue":"9527275c0d62eb3232a3b1ca98b15ef5"}],["E:\\idea\\chaoxingsignfacker\\build-profile.json5",{"fileSnapShotHashValue":"9bff3443c7d196551d9db44c2c0a8b45"}],["E:\\idea\\chaoxingsignfacker\\entry\\src\\main\\resources\\base\\profile\\backup_config.json",{"fileSnapShotHashValue":"79bf37244f6f118653ae34d8ed30ef97"}]]},"_outputFiles":{"dataType":"Map","value":[["E:\\idea\\chaoxingsignfacker\\entry\\build\\default\\outputs\\default\\pack.info",{"fileSnapShotHashValue":"52c8faefdab50df46bf4157033015376"}]]}},":chaoxingsignfacker:entry:default@SyscapTransform":{"_inputs":[{"dataType":"ValueEntry","value":"{\"_name\":\"deviceTypes\",\"_value\":[\"phone\",\"tablet\",\"2in1\"],\"_valueType\":\"object\"}"},{"dataType":"ValueEntry","value":"{\"_name\":\"BUILTIN_TASK_COMMAND\",\"_value\":\"\",\"_valueType\":\"string\"}"},{"dataType":"ValueEntry","value":"{\"_name\":\"BUILTIN_TASK_TOOLCHAIN\",\"_value\":\"\",\"_valueType\":\"string\"}"},{"dataType":"ValueEntry","value":"{\"_name\":\"BUILTIN_TASK_ENV\",\"_value\":\"\",\"_valueType\":\"string\"}"}],"_successful":true,"_projectName":"chaoxingsignfacker","_moduleName":"entry","_taskName":"default@SyscapTransform","_key":":chaoxingsignfacker:entry:default@SyscapTransform","_executionId":":chaoxingsignfacker:entry:default@SyscapTransform:1761829827499","_inputFiles":{"dataType":"Map","value":[["D:\\OtherApp\\DevEco Studio\\sdk\\default\\openharmony\\toolchains\\syscap_tool.exe",{"fileSnapShotHashValue":"bee72c7f87cc8e6ba5dea5927da23a0c"}],["D:\\OtherApp\\DevEco Studio\\sdk\\default\\openharmony\\ets\\api\\device-define",{"fileSnapShotHashValue":"dcdfd686d47620a1ff8427949044c2b3"}]]},"_outputFiles":{"dataType":"Map","value":[["E:\\idea\\chaoxingsignfacker\\entry\\build\\default\\intermediates\\syscap\\default\\rpcid.sc",{"fileSnapShotHashValue":""}]]}},":chaoxingsignfacker:entry:default@ProcessProfile":{"_inputs":[{"dataType":"ValueEntry","value":"{\"_name\":\"BUILTIN_TASK_COMMAND\",\"_value\":\"\",\"_valueType\":\"string\",\"_hash\":\"0b5d05294fdf4e78e8482ef53eb64ac0\"}"},{"dataType":"ValueEntry","value":"{\"_name\":\"BUILTIN_TASK_ENV\",\"_value\":\"\",\"_valueType\":\"string\",\"_hash\":\"cdcdc2ec8062ca9ec1de46dbf2bbc053\"}"},{"dataType":"ValueEntry","value":"{\"_name\":\"BUILTIN_TASK_TOOLCHAIN\",\"_value\":\"\",\"_valueType\":\"string\",\"_hash\":\"e7f94a9422a8bc317a7d90b58efcb5f6\"}"},{"dataType":"ValueEntry","value":"{\"_name\":\"arkEnable\",\"_value\":true,\"_valueType\":\"boolean\",\"_hash\":\"750b4bda198545a67903dfb3f6a00a95\"}"},{"dataType":"ValueEntry","value":"{\"_name\":\"compatibleSdkVersionStage\",\"_value\":\"\",\"_valueType\":\"string\",\"_hash\":\"713e499a13beffe12f1dfb936f957a2a\"}"},{"dataType":"ValueEntry","value":"{\"_name\":\"compileMode\",\"_value\":\"esmodule\",\"_valueType\":\"string\",\"_hash\":\"dacafc8e0b77a950178a0b4d142dc32c\"}"},{"dataType":"ValueEntry","value":"{\"_name\":\"dependency\",\"_value\":\"[]\",\"_valueType\":\"string\",\"_hash\":\"ac54f3d4ced2d4c1d666d40e4f7c454a\"}"},{"dataType":"ValueEntry","value":"{\"_name\":\"deviceTypes\",\"_value\":[\"phone\",\"tablet\",\"2in1\"],\"_valueType\":\"object\",\"_hash\":\"955f8760c6b7289b81ed107c2c4df075\"}"},{"dataType":"ValueEntry","value":"{\"_name\":\"harExcludeHSPDependencies\",\"_valueType\":\"undefined\",\"_hash\":\"441c7ca15ef24eb05ff0b3f48a2c455e\"}"},{"dataType":"ValueEntry","value":"{\"_name\":\"isFakeUIAbilityExists\",\"_value\":false,\"_valueType\":\"boolean\",\"_hash\":\"17a053bce14a09e4bbe9c64ecbac9f28\"}"}],"_successful":true,"_projectName":"chaoxingsignfacker","_moduleName":"entry","_taskName":"default@ProcessProfile","_key":":chaoxingsignfacker:entry:default@ProcessProfile","_executionId":":chaoxingsignfacker:entry:default@ProcessProfile:1761410739012","_inputFiles":{"dataType":"Map","value":[["E:\\idea\\chaoxingsignfacker\\entry\\build\\default\\intermediates\\merge_profile\\default\\module.json",{"fileSnapShotHashValue":"e1715e3bc44e46bfcc082d58165a105d"}]]},"_outputFiles":{"dataType":"Map","value":[["E:\\idea\\chaoxingsignfacker\\entry\\build\\default\\intermediates\\process_profile\\default\\module.json",{"fileSnapShotHashValue":"742beb2f87776484efa5a0ab60e111df"}]]}},":chaoxingsignfacker:entry:default@ProcessRouterMap":{"_inputs":[{"dataType":"ValueEntry","value":"{\"_name\":\"BUILTIN_TASK_COMMAND\",\"_value\":\"\",\"_valueType\":\"string\",\"_hash\":\"0b5d05294fdf4e78e8482ef53eb64ac0\"}"},{"dataType":"ValueEntry","value":"{\"_name\":\"BUILTIN_TASK_ENV\",\"_value\":\"\",\"_valueType\":\"string\",\"_hash\":\"cdcdc2ec8062ca9ec1de46dbf2bbc053\"}"},{"dataType":"ValueEntry","value":"{\"_name\":\"BUILTIN_TASK_TOOLCHAIN\",\"_value\":\"\",\"_valueType\":\"string\",\"_hash\":\"e7f94a9422a8bc317a7d90b58efcb5f6\"}"},{"dataType":"ValueEntry","value":"{\"_name\":\"byteCodeHar\",\"_value\":false,\"_valueType\":\"boolean\",\"_hash\":\"1918a3ccb645ccacd0aedd84fc6cf8a4\"}"},{"dataType":"ValueEntry","value":"{\"_name\":\"obfuscated\",\"_value\":true,\"_valueType\":\"boolean\",\"_hash\":\"a69c27b9cf01a6710d3662cfe180239f\"}"},{"dataType":"ValueEntry","value":"{\"_name\":\"useNormalizedOHMUrl\",\"_value\":true,\"_valueType\":\"boolean\",\"_hash\":\"05eabcf12e6fe230e579e0fd37679db6\"}"}],"_successful":true,"_projectName":"chaoxingsignfacker","_moduleName":"entry","_taskName":"default@ProcessRouterMap","_key":":chaoxingsignfacker:entry:default@ProcessRouterMap","_executionId":":chaoxingsignfacker:entry:default@ProcessRouterMap:1761410739980","_inputFiles":{"dataType":"Map","value":[["E:\\idea\\chaoxingsignfacker\\entry\\oh-package.json5",{"fileSnapShotHashValue":"209eb58137efa6f10ec41b1172046f46"}],["E:\\idea\\chaoxingsignfacker\\oh-package.json5",{"fileSnapShotHashValue":"245b21cb6192088ec14b06b5e04a2a90"}],["E:\\idea\\chaoxingsignfacker\\entry\\src\\main\\module.json5",{"fileSnapShotHashValue":"9527275c0d62eb3232a3b1ca98b15ef5"}],["E:\\idea\\chaoxingsignfacker\\entry\\src\\main\\resources\\base\\profile\\router_map.json",{"fileSnapShotHashValue":"f9c27960dff03158eb29441449800411"}],["E:\\idea\\chaoxingsignfacker\\entry\\build\\default\\intermediates\\loader\\default\\pkgContextInfo.json",{"fileSnapShotHashValue":"3cdae5d638d74b260e550e918ad2aa4a"}]]},"_outputFiles":{"dataType":"Map","value":[["E:\\idea\\chaoxingsignfacker\\entry\\build\\default\\intermediates\\router_map\\default\\router_map.json",{"fileSnapShotHashValue":"7dd90a58a5768d589ae9225ac28e344e"}],["E:\\idea\\chaoxingsignfacker\\entry\\build\\default\\intermediates\\router_map\\default\\loader-router-map.json",{"fileSnapShotHashValue":"4f3cc379ce72a20b45077eac9b369b08"}]]}},":chaoxingsignfacker:entry:default@ProcessShareConfig":{"_inputs":[{"dataType":"ValueEntry","value":"{\"_name\":\"BUILTIN_TASK_COMMAND\",\"_value\":\"\",\"_valueType\":\"string\",\"_hash\":\"0b5d05294fdf4e78e8482ef53eb64ac0\"}"},{"dataType":"ValueEntry","value":"{\"_name\":\"BUILTIN_TASK_ENV\",\"_value\":\"\",\"_valueType\":\"string\",\"_hash\":\"cdcdc2ec8062ca9ec1de46dbf2bbc053\"}"},{"dataType":"ValueEntry","value":"{\"_name\":\"BUILTIN_TASK_TOOLCHAIN\",\"_value\":\"\",\"_valueType\":\"string\",\"_hash\":\"e7f94a9422a8bc317a7d90b58efcb5f6\"}"}],"_successful":true,"_projectName":"chaoxingsignfacker","_moduleName":"entry","_taskName":"default@ProcessShareConfig","_key":":chaoxingsignfacker:entry:default@ProcessShareConfig","_executionId":":chaoxingsignfacker:entry:default@ProcessShareConfig:1761410739994","_inputFiles":{"dataType":"Map","value":[["E:\\idea\\chaoxingsignfacker\\entry\\oh-package.json5",{"fileSnapShotHashValue":"209eb58137efa6f10ec41b1172046f46"}],["E:\\idea\\chaoxingsignfacker\\oh-package.json5",{"fileSnapShotHashValue":"245b21cb6192088ec14b06b5e04a2a90"}],["E:\\idea\\chaoxingsignfacker\\entry\\src\\main\\module.json5",{"fileSnapShotHashValue":"9527275c0d62eb3232a3b1ca98b15ef5"}],["E:\\idea\\chaoxingsignfacker\\entry\\build\\default\\intermediates\\loader\\default\\pkgContextInfo.json",{"fileSnapShotHashValue":"3cdae5d638d74b260e550e918ad2aa4a"}]]},"_outputFiles":{"dataType":"Map","value":[["E:\\idea\\chaoxingsignfacker\\entry\\build\\default\\intermediates\\share_config\\default\\temp-share-config.json",{"fileSnapShotHashValue":"cc537206b8606dda202d039cd5d1b4ca"}]]}},":chaoxingsignfacker:entry:default@ProcessStartupConfig":{"_inputs":[{"dataType":"ValueEntry","value":"{\"_name\":\"appStartupFileName\",\"_value\":\"\",\"_valueType\":\"string\"}"},{"dataType":"ValueEntry","value":"{\"_name\":\"useNormalizedOHMUrl\",\"_value\":true,\"_valueType\":\"boolean\"}"},{"dataType":"ValueEntry","value":"{\"_name\":\"shouldCollectPreloadSystemSo\",\"_value\":false,\"_valueType\":\"boolean\"}"},{"dataType":"ValueEntry","value":"{\"_name\":\"BUILTIN_TASK_COMMAND\",\"_value\":\"\",\"_valueType\":\"string\"}"},{"dataType":"ValueEntry","value":"{\"_name\":\"BUILTIN_TASK_TOOLCHAIN\",\"_value\":\"\",\"_valueType\":\"string\"}"},{"dataType":"ValueEntry","value":"{\"_name\":\"BUILTIN_TASK_ENV\",\"_value\":\"\",\"_valueType\":\"string\"}"}],"_successful":true,"_projectName":"chaoxingsignfacker","_moduleName":"entry","_taskName":"default@ProcessStartupConfig","_key":":chaoxingsignfacker:entry:default@ProcessStartupConfig","_executionId":":chaoxingsignfacker:entry:default@ProcessStartupConfig:1761829827520","_inputFiles":{"dataType":"Map","value":[["E:\\idea\\chaoxingsignfacker\\entry\\build\\default\\intermediates\\loader\\default\\pkgContextInfo.json",{"fileSnapShotHashValue":"3cdae5d638d74b260e550e918ad2aa4a"}]]},"_outputFiles":{"dataType":"Map","value":[["E:\\idea\\chaoxingsignfacker\\entry\\build\\default\\intermediates\\startup\\default\\startup_config.json",{"fileSnapShotHashValue":""}]]}},":chaoxingsignfacker:entry:default@ProcessResource":{"_inputs":[{"dataType":"ValueEntry","value":"{\"_name\":\"BUILTIN_TASK_COMMAND\",\"_value\":\"\",\"_valueType\":\"string\",\"_hash\":\"0b5d05294fdf4e78e8482ef53eb64ac0\"}"},{"dataType":"ValueEntry","value":"{\"_name\":\"BUILTIN_TASK_ENV\",\"_value\":\"\",\"_valueType\":\"string\",\"_hash\":\"cdcdc2ec8062ca9ec1de46dbf2bbc053\"}"},{"dataType":"ValueEntry","value":"{\"_name\":\"BUILTIN_TASK_TOOLCHAIN\",\"_value\":\"\",\"_valueType\":\"string\",\"_hash\":\"e7f94a9422a8bc317a7d90b58efcb5f6\"}"},{"dataType":"ValueEntry","value":"{\"_name\":\"E:\\\\idea\\\\chaoxingsignfacker\\\\entry\\\\build\\\\default\\\\intermediates\\\\res\\\\default\\\\opt-compression.json\",\"_value\":\"{\\\"context\\\":{\\\"extensionPath\\\":\\\"D:\\\\\\\\OtherApp\\\\\\\\DevEco Studio\\\\\\\\sdk\\\\\\\\default\\\\\\\\hms\\\\\\\\toolchains\\\\\\\\lib\\\\\\\\libimage_transcoder_shared.dll\\\"},\\\"compression\\\":{\\\"media\\\":{\\\"enable\\\":false},\\\"filters\\\":[]}}\",\"_valueType\":\"string\",\"_hash\":\"59025bcfcb1be6045fd28b82235703f7\"}"},{"dataType":"ValueEntry","value":"{\"_name\":\"ignoreResourcePattern\",\"_value\":\"\",\"_valueType\":\"string\",\"_hash\":\"91136ea01258d75c095a4d97cb3ef218\"}"},{"dataType":"ValueEntry","value":"{\"_name\":\"includeAppScopeRes\",\"_value\":\"\",\"_valueType\":\"string\",\"_hash\":\"f7a63c7a6a8f0303e1c2b3b71d3b71d0\"}"},{"dataType":"ValueEntry","value":"{\"_name\":\"resConfigJsonContent\",\"_value\":\"{\\\"configPath\\\":\\\"E:\\\\\\\\idea\\\\\\\\chaoxingsignfacker\\\\\\\\entry\\\\\\\\build\\\\\\\\default\\\\\\\\intermediates\\\\\\\\process_profile\\\\\\\\default\\\\\\\\module.json\\\",\\\"packageName\\\":\\\"com.xhub.chaoxingsignfacker\\\",\\\"output\\\":\\\"E:\\\\\\\\idea\\\\\\\\chaoxingsignfacker\\\\\\\\entry\\\\\\\\build\\\\\\\\default\\\\\\\\intermediates\\\\\\\\res\\\\\\\\default\\\",\\\"moduleNames\\\":\\\"entry\\\",\\\"ResourceTable\\\":[\\\"E:\\\\\\\\idea\\\\\\\\chaoxingsignfacker\\\\\\\\entry\\\\\\\\build\\\\\\\\default\\\\\\\\generated\\\\\\\\r\\\\\\\\default\\\\\\\\ResourceTable.h\\\"],\\\"applicationResource\\\":\\\"E:\\\\\\\\idea\\\\\\\\chaoxingsignfacker\\\\\\\\AppScope\\\\\\\\resources\\\",\\\"moduleResources\\\":[\\\"E:\\\\\\\\idea\\\\\\\\chaoxingsignfacker\\\\\\\\entry\\\\\\\\src\\\\\\\\main\\\\\\\\resources\\\"],\\\"dependencies\\\":[\\\"E:\\\\\\\\idea\\\\\\\\chaoxingsignfacker\\\\\\\\oh_modules\\\\\\\\.ohpm\\\\\\\\@hadss+debug-db@1.0.0-rc.9\\\\\\\\oh_modules\\\\\\\\@hadss\\\\\\\\debug-db\\\\\\\\src\\\\\\\\main\\\\\\\\resources\\\",\\\"E:\\\\\\\\idea\\\\\\\\chaoxingsignfacker\\\\\\\\oh_modules\\\\\\\\.ohpm\\\\\\\\@ohos+polka@1.0.3\\\\\\\\oh_modules\\\\\\\\@ohos\\\\\\\\polka\\\\\\\\src\\\\\\\\main\\\\\\\\resources\\\",\\\"E:\\\\\\\\idea\\\\\\\\chaoxingsignfacker\\\\\\\\oh_modules\\\\\\\\.ohpm\\\\\\\\@ohos+node-polyfill@1.0.0\\\\\\\\oh_modules\\\\\\\\@ohos\\\\\\\\node-polyfill\\\\\\\\src\\\\\\\\main\\\\\\\\resources\\\",\\\"E:\\\\\\\\idea\\\\\\\\chaoxingsignfacker\\\\\\\\entry\\\\\\\\build\\\\\\\\default\\\\\\\\intermediates\\\\\\\\res\\\\\\\\default\\\\\\\\resource_str\\\"],\\\"iconCheck\\\":true,\\\"ids\\\":\\\"E:\\\\\\\\idea\\\\\\\\chaoxingsignfacker\\\\\\\\entry\\\\\\\\build\\\\\\\\default\\\\\\\\intermediates\\\\\\\\res\\\\\\\\default\\\\\\\\ids_map\\\",\\\"definedIds\\\":\\\"E:\\\\\\\\idea\\\\\\\\chaoxingsignfacker\\\\\\\\entry\\\\\\\\build\\\\\\\\default\\\\\\\\intermediates\\\\\\\\res\\\\\\\\default\\\\\\\\ids_map\\\\\\\\id_defined.json\\\",\\\"definedSysIds\\\":\\\"D:\\\\\\\\OtherApp\\\\\\\\DevEco Studio\\\\\\\\sdk\\\\\\\\default\\\\\\\\hms\\\\\\\\toolchains\\\\\\\\id_defined.json\\\"}\",\"_valueType\":\"string\",\"_hash\":\"4504825ab641ea924535cd59305c2719\"}"},{"dataType":"ValueEntry","value":"{\"_name\":\"resource_str\",\"_value\":true,\"_valueType\":\"boolean\",\"_hash\":\"8aa4bd39dba847d9f04b489e798dfdde\"}"}],"_successful":true,"_projectName":"chaoxingsignfacker","_moduleName":"entry","_taskName":"default@ProcessResource","_key":":chaoxingsignfacker:entry:default@ProcessResource","_executionId":":chaoxingsignfacker:entry:default@ProcessResource:1761410740015","_inputFiles":{"dataType":"Map","value":[]},"_outputFiles":{"dataType":"Map","value":[["E:\\idea\\chaoxingsignfacker\\entry\\build\\default\\intermediates\\res\\default\\resConfig.json",{"isDirectory":false,"fileSnapShotHashValue":"0a03ec58803b6aac76206909b80394fc"}],["E:\\idea\\chaoxingsignfacker\\entry\\build\\default\\intermediates\\res\\default\\opt-compression.json",{"isDirectory":false,"fileSnapShotHashValue":"f7057d1e349383c24513e10c16449e02"}]]}},":chaoxingsignfacker:entry:default@GenerateLoaderJson":{"_inputs":[{"dataType":"ValueEntry","value":"{\"_name\":\"projectRootPath\",\"_value\":\"E:\\\\idea\\\\chaoxingsignfacker\",\"_valueType\":\"string\"}"},{"dataType":"ValueEntry","value":"{\"_name\":\"modulePathMap\",\"_value\":\"{\\\"entry\\\":\\\"E:\\\\\\\\idea\\\\\\\\chaoxingsignfacker\\\\\\\\entry\\\"}\",\"_valueType\":\"string\"}"},{"dataType":"ValueEntry","value":"{\"_name\":\"module_dependencies\",\"_value\":\"{}\",\"_valueType\":\"string\"}"},{"dataType":"ValueEntry","value":"{\"_name\":\"overrides\",\"_valueType\":\"undefined\"}"},{"dataType":"ValueEntry","value":"{\"_name\":\"project_dependencies\",\"_value\":\"{\\\"@hadss/debug-db\\\":\\\"^1.0.0-rc.9\\\"}\",\"_valueType\":\"string\"}"},{"dataType":"ValueEntry","value":"{\"_name\":\"useNormalizedOHMUrl\",\"_value\":true,\"_valueType\":\"boolean\"}"},{"dataType":"ValueEntry","value":"{\"_name\":\"isOhosTest\",\"_value\":false,\"_valueType\":\"boolean\"}"},{"dataType":"ValueEntry","value":"{\"_name\":\"dependencyModuleAbility\",\"_valueType\":\"undefined\"}"},{"dataType":"ValueEntry","value":"{\"_name\":\"isFullCompilationEnabled\",\"_value\":true,\"_valueType\":\"boolean\"}"},{"dataType":"ValueEntry","value":"{\"_name\":\"patchConfig\",\"_value\":\"{\\\"enableMap\\\":\\\"true\\\",\\\"mode\\\":\\\"hotReload\\\",\\\"oldMapFilePath\\\":\\\"E:\\\\\\\\idea\\\\\\\\chaoxingsignfacker\\\\\\\\entry\\\\\\\\build\\\\\\\\default\\\\\\\\intermediates\\\\\\\\loader_out\\\\\\\\default\\\\\\\\ets\\\",\\\"changedFileList\\\":\\\"E:\\\\\\\\idea\\\\\\\\chaoxingsignfacker\\\\\\\\entry\\\\\\\\build\\\\\\\\default\\\\\\\\intermediates\\\\\\\\hotReload\\\\\\\\changedFileList.json\\\",\\\"patchAbcPath\\\":\\\"E:\\\\\\\\idea\\\\\\\\chaoxingsignfacker\\\\\\\\entry\\\\\\\\build\\\\\\\\default\\\\\\\\intermediates\\\\\\\\hotReload\\\\\\\\patchAbcPath\\\\\\\\ets\\\",\\\"removeChangedFileListInSdk\\\":\\\"true\\\"}\",\"_valueType\":\"string\"}"},{"dataType":"ValueEntry","value":"{\"_name\":\"appStartupFileName\",\"_value\":\"\",\"_valueType\":\"string\"}"},{"dataType":"ValueEntry","value":"{\"_name\":\"compileMode\",\"_value\":\"esmodule\",\"_valueType\":\"string\"}"},{"dataType":"ValueEntry","value":"{\"_name\":\"nodeModulesPath\",\"_value\":\"E:\\\\idea\\\\chaoxingsignfacker\\\\entry\\\\build\\\\default\\\\intermediates\\\\loader_out\\\\default\\\\node_modules\",\"_valueType\":\"string\"}"},{"dataType":"ValueEntry","value":"{\"_name\":\"targetConfig\",\"_value\":\"{\\\"name\\\":\\\"default\\\"}\",\"_valueType\":\"string\"}"},{"dataType":"ValueEntry","value":"{\"_name\":\"hspNameOhmMap\",\"_value\":\"{}\",\"_valueType\":\"string\"}"},{"dataType":"ValueEntry","value":"{\"_name\":\"harNameOhmMap\",\"_value\":\"{}\",\"_valueType\":\"string\"}"},{"dataType":"ValueEntry","value":"{\"_name\":\"anBuildMode\",\"_value\":\"type\",\"_valueType\":\"string\"}"},{"dataType":"ValueEntry","value":"{\"_name\":\"apPath\",\"_value\":\"E:\\\\idea\\\\chaoxingsignfacker\\\\entry\\\\modules.ap\",\"_valueType\":\"string\"}"},{"dataType":"ValueEntry","value":"{\"_name\":\"fallbackAnBuild\",\"_value\":false,\"_valueType\":\"boolean\"}"},{"dataType":"ValueEntry","value":"{\"_name\":\"isHarWithCoverage\",\"_value\":false,\"_valueType\":\"boolean\"}"},{"dataType":"ValueEntry","value":"{\"_name\":\"compileApiVersion\",\"_value\":20,\"_valueType\":\"number\"}"},{"dataType":"ValueEntry","value":"{\"_name\":\"compatibleApiVersion\",\"_value\":17,\"_valueType\":\"number\"}"},{"dataType":"ValueEntry","value":"{\"_name\":\"isByteCodeHar\",\"_value\":false,\"_valueType\":\"boolean\"}"},{"dataType":"ValueEntry","value":"{\"_name\":\"shouldTreatHarAsHap\",\"_value\":false,\"_valueType\":\"boolean\"}"},{"dataType":"ValueEntry","value":"{\"_name\":\"isBundledDependencies\",\"_value\":false,\"_valueType\":\"boolean\"}"},{"dataType":"ValueEntry","value":"{\"_name\":\"needSubmitArkTsWidget\",\"_value\":false,\"_valueType\":\"boolean\"}"},{"dataType":"ValueEntry","value":"{\"_name\":\"isByteCodeHarOptimize\",\"_value\":false,\"_valueType\":\"boolean\"}"},{"dataType":"ValueEntry","value":"{\"_name\":\"BUILTIN_TASK_COMMAND\",\"_value\":\"\",\"_valueType\":\"string\"}"},{"dataType":"ValueEntry","value":"{\"_name\":\"BUILTIN_TASK_TOOLCHAIN\",\"_value\":\"\",\"_valueType\":\"string\"}"},{"dataType":"ValueEntry","value":"{\"_name\":\"BUILTIN_TASK_ENV\",\"_value\":\"\",\"_valueType\":\"string\"}"}],"_successful":true,"_projectName":"chaoxingsignfacker","_moduleName":"entry","_taskName":"default@GenerateLoaderJson","_key":":chaoxingsignfacker:entry:default@GenerateLoaderJson","_executionId":":chaoxingsignfacker:entry:default@GenerateLoaderJson:1761829827536","_inputFiles":{"dataType":"Map","value":[["E:\\idea\\chaoxingsignfacker\\entry\\src\\mock\\mock-config.json5",{"fileSnapShotHashValue":"029586c5776aa93fde588bb6b2114144"}],["E:\\idea\\chaoxingsignfacker\\entry\\build\\default\\intermediates\\loader\\default\\pkgContextInfo.json",{"fileSnapShotHashValue":"3cdae5d638d74b260e550e918ad2aa4a"}],["E:\\idea\\chaoxingsignfacker\\entry\\build\\default\\intermediates\\router_map\\default\\loader-router-map.json",{"fileSnapShotHashValue":"4f3cc379ce72a20b45077eac9b369b08"}],["E:\\idea\\chaoxingsignfacker\\entry\\build\\default\\intermediates\\router_map\\default\\router_map.json",{"fileSnapShotHashValue":"7dd90a58a5768d589ae9225ac28e344e"}]]},"_outputFiles":{"dataType":"Map","value":[["E:\\idea\\chaoxingsignfacker\\entry\\build\\default\\intermediates\\loader\\default\\loader.json",{"isDirectory":false,"fileSnapShotHashValue":"40df60ca2a1891ed4fd001245c785983"}]]}},":chaoxingsignfacker:entry:default@ProcessLibs":{"_inputs":[{"dataType":"ValueEntry","value":"{\"_name\":\"BUILTIN_TASK_COMMAND\",\"_value\":\"\",\"_valueType\":\"string\",\"_hash\":\"0b5d05294fdf4e78e8482ef53eb64ac0\"}"},{"dataType":"ValueEntry","value":"{\"_name\":\"BUILTIN_TASK_ENV\",\"_value\":\"\",\"_valueType\":\"string\",\"_hash\":\"cdcdc2ec8062ca9ec1de46dbf2bbc053\"}"},{"dataType":"ValueEntry","value":"{\"_name\":\"BUILTIN_TASK_TOOLCHAIN\",\"_value\":\"\",\"_valueType\":\"string\",\"_hash\":\"e7f94a9422a8bc317a7d90b58efcb5f6\"}"},{"dataType":"ValueEntry","value":"{\"_name\":\"excludeFromHar\",\"_value\":true,\"_valueType\":\"boolean\",\"_hash\":\"c33cbd85982f2e758a878e3aa30a9f01\"}"},{"dataType":"ValueEntry","value":"{\"_name\":\"isBundledDependencies\",\"_value\":false,\"_valueType\":\"boolean\",\"_hash\":\"a69aa552317c7a6e087cb84a5722e050\"}"},{"dataType":"ValueEntry","value":"{\"_name\":\"isByteCodeHar\",\"_value\":false,\"_valueType\":\"boolean\",\"_hash\":\"c5f9b9e5cabee4253d52d0d01ca64ba2\"}"}],"_successful":true,"_projectName":"chaoxingsignfacker","_moduleName":"entry","_taskName":"default@ProcessLibs","_key":":chaoxingsignfacker:entry:default@ProcessLibs","_executionId":":chaoxingsignfacker:entry:default@ProcessLibs:1761410740048","_inputFiles":{"dataType":"Map","value":[["E:\\idea\\chaoxingsignfacker\\entry\\libs",{"isDirectory":true,"fileSnapShotHashValue":"e2a4c8972fefd2c3d18824a4b1c58ed9"}],["E:\\idea\\chaoxingsignfacker\\oh_modules\\.ohpm\\@hadss+debug-db@1.0.0-rc.9\\oh_modules\\@hadss\\debug-db\\libs",{"fileSnapShotHashValue":""}],["E:\\idea\\chaoxingsignfacker\\oh_modules\\.ohpm\\@ohos+polka@1.0.3\\oh_modules\\@ohos\\polka\\libs",{"fileSnapShotHashValue":""}],["E:\\idea\\chaoxingsignfacker\\oh_modules\\.ohpm\\@ohos+node-polyfill@1.0.0\\oh_modules\\@ohos\\node-polyfill\\libs",{"fileSnapShotHashValue":""}],["E:\\idea\\chaoxingsignfacker\\build-profile.json5",{"fileSnapShotHashValue":"9bff3443c7d196551d9db44c2c0a8b45"}],["E:\\idea\\chaoxingsignfacker\\entry\\build-profile.json5",{"fileSnapShotHashValue":"104d3a480592c7b96dadc4e28f7fc7dd"}]]},"_outputFiles":{"dataType":"Map","value":[["E:\\idea\\chaoxingsignfacker\\entry\\build\\default\\intermediates\\libs\\default",{"isDirectory":true,"fileSnapShotHashValue":""}]]}},":chaoxingsignfacker:entry:default@CompileResource":{"_inputs":[{"dataType":"ValueEntry","value":"{\"_name\":\"BUILTIN_TASK_COMMAND\",\"_value\":\"D:\\\\OtherApp\\\\DevEco Studio\\\\sdk\\\\default\\\\openharmony\\\\toolchains\\\\restool.exe,-l,E:\\\\idea\\\\chaoxingsignfacker\\\\entry\\\\build\\\\default\\\\intermediates\\\\res\\\\default\\\\resConfig.json\",\"_valueType\":\"string\",\"_hash\":\"eb4d150d838dd4677b9a5f5b9df5d7dc\"}"},{"dataType":"ValueEntry","value":"{\"_name\":\"BUILTIN_TASK_ENV\",\"_value\":\"\",\"_valueType\":\"string\",\"_hash\":\"cdcdc2ec8062ca9ec1de46dbf2bbc053\"}"},{"dataType":"ValueEntry","value":"{\"_name\":\"BUILTIN_TASK_TOOLCHAIN\",\"_value\":\"D:\\\\OtherApp\\\\DevEco Studio\\\\sdk\\\\default\\\\openharmony\\\\toolchains\\\\restool.exe\",\"_valueType\":\"string\",\"_hash\":\"81a261e5a862edfec76262ebf5c3a0ac\"}"},{"dataType":"ValueEntry","value":"{\"_name\":\"TARGET_CONFIG\",\"_value\":\"{\\\"name\\\":\\\"default\\\"}\",\"_valueType\":\"string\",\"_hash\":\"ebe85c5c20c0e5d9e03bc5dc7135f953\"}"},{"dataType":"ValueEntry","value":"{\"_name\":\"useNormalizedOHMUrl\",\"_value\":true,\"_valueType\":\"boolean\",\"_hash\":\"05eabcf12e6fe230e579e0fd37679db6\"}"}],"_successful":true,"_projectName":"chaoxingsignfacker","_moduleName":"entry","_taskName":"default@CompileResource","_key":":chaoxingsignfacker:entry:default@CompileResource","_executionId":":chaoxingsignfacker:entry:default@CompileResource:1761410740058","_inputFiles":{"dataType":"Map","value":[["E:\\idea\\chaoxingsignfacker\\entry\\src\\main\\resources",{"fileSnapShotHashValue":"eb466c736c868086649b468a17c1baea"}],["E:\\idea\\chaoxingsignfacker\\oh_modules\\.ohpm\\@hadss+debug-db@1.0.0-rc.9\\oh_modules\\@hadss\\debug-db\\src\\main\\resources",{"fileSnapShotHashValue":"1cc1a210a416e835c7d3a77ec6ae2618"}],["E:\\idea\\chaoxingsignfacker\\oh_modules\\.ohpm\\@ohos+polka@1.0.3\\oh_modules\\@ohos\\polka\\src\\main\\resources",{"fileSnapShotHashValue":"5a4e2c49ffff43e1d2196f20194a6b33"}],["E:\\idea\\chaoxingsignfacker\\oh_modules\\.ohpm\\@ohos+node-polyfill@1.0.0\\oh_modules\\@ohos\\node-polyfill\\src\\main\\resources",{"fileSnapShotHashValue":"32c45df04b3eef74a72820ff1121dad6"}],["E:\\idea\\chaoxingsignfacker\\entry\\build\\default\\intermediates\\res\\default\\resource_str",{"fileSnapShotHashValue":"f0e1b2647bbfff10bda3449b682c8d98"}],["E:\\idea\\chaoxingsignfacker\\AppScope\\resources",{"fileSnapShotHashValue":"d1a068e475d031fc0cf7eb2e62c47c93"}],["E:\\idea\\chaoxingsignfacker\\entry\\build\\default\\intermediates\\process_profile\\default\\module.json",{"isDirectory":false,"fileSnapShotHashValue":"742beb2f87776484efa5a0ab60e111df"}],["E:\\idea\\chaoxingsignfacker\\entry\\build\\default\\intermediates\\router_map\\default\\router_map.json",{"fileSnapShotHashValue":"7dd90a58a5768d589ae9225ac28e344e"}],["E:\\idea\\chaoxingsignfacker\\entry\\build\\default\\intermediates\\res\\default\\resConfig.json",{"isDirectory":false,"fileSnapShotHashValue":"0a03ec58803b6aac76206909b80394fc"}]]},"_outputFiles":{"dataType":"Map","value":[["E:\\idea\\chaoxingsignfacker\\entry\\build\\default\\intermediates\\res\\default",{"isDirectory":true,"fileSnapShotHashValue":"140c22fa0eb437c810ff71c29c9585af"}],["E:\\idea\\chaoxingsignfacker\\entry\\build\\default\\generated\\r\\default\\ResourceTable.h",{"isDirectory":false,"fileSnapShotHashValue":"92e63ba21ded0bcf425ecd800f510a0a"}],["E:\\idea\\chaoxingsignfacker\\entry\\build\\default\\generated\\r\\default",{"isDirectory":true,"fileSnapShotHashValue":"2ef06ada84d6efa96db418182c262e97"}]]}},":chaoxingsignfacker:entry:default@DoNativeStrip":{"_inputs":[{"dataType":"ValueEntry","value":"{\"_name\":\"BUILTIN_TASK_COMMAND\",\"_value\":\"\",\"_valueType\":\"string\",\"_hash\":\"0b5d05294fdf4e78e8482ef53eb64ac0\"}"},{"dataType":"ValueEntry","value":"{\"_name\":\"BUILTIN_TASK_ENV\",\"_value\":\"\",\"_valueType\":\"string\",\"_hash\":\"cdcdc2ec8062ca9ec1de46dbf2bbc053\"}"},{"dataType":"ValueEntry","value":"{\"_name\":\"BUILTIN_TASK_TOOLCHAIN\",\"_value\":\"\",\"_valueType\":\"string\",\"_hash\":\"e7f94a9422a8bc317a7d90b58efcb5f6\"}"},{"dataType":"ValueEntry","value":"{\"_name\":\"debugSymbol\",\"_value\":\"\",\"_valueType\":\"string\",\"_hash\":\"055eeab6818b3f1a4978705cfba272fa\"}"}],"_successful":true,"_projectName":"chaoxingsignfacker","_moduleName":"entry","_taskName":"default@DoNativeStrip","_key":":chaoxingsignfacker:entry:default@DoNativeStrip","_executionId":":chaoxingsignfacker:entry:default@DoNativeStrip:1761410740929","_inputFiles":{"dataType":"Map","value":[["E:\\idea\\chaoxingsignfacker\\entry\\build\\default\\intermediates\\libs\\default",{"isDirectory":true,"fileSnapShotHashValue":""}]]},"_outputFiles":{"dataType":"Map","value":[["E:\\idea\\chaoxingsignfacker\\entry\\build\\default\\intermediates\\stripped_native_libs\\default",{"isDirectory":true,"fileSnapShotHashValue":""}]]}},":chaoxingsignfacker:entry:default@BuildJS":{"_inputs":[{"dataType":"ValueEntry","value":"{\"_name\":\"debuggable\",\"_value\":true,\"_valueType\":\"boolean\"}"},{"dataType":"ValueEntry","value":"{\"_name\":\"isArk\",\"_value\":true,\"_valueType\":\"boolean\"}"},{"dataType":"ValueEntry","value":"{\"_name\":\"needCoverageInsert\",\"_value\":false,\"_valueType\":\"boolean\"}"},{"dataType":"ValueEntry","value":"{\"_name\":\"ark.tsImportSendable\",\"_value\":false,\"_valueType\":\"boolean\"}"},{"dataType":"ValueEntry","value":"{\"_name\":\"customTypes\",\"_value\":[],\"_valueType\":\"object\"}"},{"dataType":"ValueEntry","value":"{\"_name\":\"isByteCodeHarOptimize\",\"_value\":false,\"_valueType\":\"boolean\"}"},{"dataType":"ValueEntry","value":"{\"_name\":\"caseSensitiveCheck\",\"_value\":true,\"_valueType\":\"boolean\"}"},{"dataType":"ValueEntry","value":"{\"_name\":\"useNormalizedOHMUrl\",\"_value\":true,\"_valueType\":\"boolean\"}"},{"dataType":"ValueEntry","value":"{\"_name\":\"transformLib\",\"_value\":\"\",\"_valueType\":\"string\"}"},{"dataType":"ValueEntry","value":"{\"_name\":\"compatibleSdkVersionStage\",\"_value\":\"\",\"_valueType\":\"string\"}"},{"dataType":"ValueEntry","value":"{\"_name\":\"skipOhModulesLint\",\"_value\":false,\"_valueType\":\"boolean\"}"},{"dataType":"ValueEntry","value":"{\"_name\":\"autoLazyImport\",\"_value\":false,\"_valueType\":\"boolean\"}"},{"dataType":"ValueEntry","value":"{\"_name\":\"allowEmptyBundleName\",\"_value\":false,\"_valueType\":\"boolean\"}"},{"dataType":"ValueEntry","value":"{\"_name\":\"reExportCheckMode\",\"_value\":\"noCheck\",\"_valueType\":\"string\"}"},{"dataType":"ValueEntry","value":"{\"_name\":\"executionMode\",\"_value\":\"memory\",\"_valueType\":\"string\"}"},{"dataType":"ValueEntry","value":"{\"_name\":\"usePathPlaceholder\",\"_value\":false,\"_valueType\":\"boolean\"}"},{"dataType":"ValueEntry","value":"{\"_name\":\"writeRollupCache\",\"_value\":true,\"_valueType\":\"boolean\"}"},{"dataType":"ValueEntry","value":"{\"_name\":\"isExpandImportEnabled\",\"_value\":false,\"_valueType\":\"boolean\"}"},{"dataType":"ValueEntry","value":"{\"_name\":\"expandImportExclude\",\"_value\":\"\",\"_valueType\":\"string\"}"},{"dataType":"ValueEntry","value":"{\"_name\":\"ignoreCrossplatformCheck\",\"_value\":false,\"_valueType\":\"boolean\"}"},{"dataType":"ValueEntry","value":"{\"_name\":\"BUILTIN_TASK_COMMAND\",\"_value\":\"\",\"_valueType\":\"string\"}"},{"dataType":"ValueEntry","value":"{\"_name\":\"BUILTIN_TASK_TOOLCHAIN\",\"_value\":\"\",\"_valueType\":\"string\"}"},{"dataType":"ValueEntry","value":"{\"_name\":\"BUILTIN_TASK_ENV\",\"_value\":\"\",\"_valueType\":\"string\"}"}],"_successful":false,"_projectName":"chaoxingsignfacker","_moduleName":"entry","_taskName":"default@BuildJS","_key":":chaoxingsignfacker:entry:default@BuildJS","_executionId":":chaoxingsignfacker:entry:default@BuildJS:1761829827600","_inputFiles":{"dataType":"Map","value":[["E:\\idea\\chaoxingsignfacker\\entry\\build\\default\\intermediates\\loader\\default",{"isDirectory":true,"fileSnapShotHashValue":"10b149b83eea44a08caa7b65ee4b103f"}],["E:\\idea\\chaoxingsignfacker\\oh_modules\\.ohpm\\@hadss+debug-db@1.0.0-rc.9\\oh_modules\\@hadss\\debug-db\\Index.ets",{"fileSnapShotHashValue":"df4bcdd75735c310d5aab53c699b6efc"}],["E:\\idea\\chaoxingsignfacker\\oh_modules\\.ohpm\\@ohos+polka@1.0.3\\oh_modules\\@ohos\\polka\\src\\main\\ets\\polka\\index.js",{"fileSnapShotHashValue":"84ed37c2d761c7a2c7e5ab08d5e7ff46"}],["E:\\idea\\chaoxingsignfacker\\oh_modules\\.ohpm\\@ohos+node-polyfill@1.0.0\\oh_modules\\@ohos\\node-polyfill\\Index.js",{"fileSnapShotHashValue":"5aeb49e92421a990adbcccbdd61e4f5c"}],["E:\\idea\\chaoxingsignfacker\\entry\\build\\default\\intermediates\\res\\default\\resources\\rawfile",{"isDirectory":true,"fileSnapShotHashValue":"95bbc5f9b1f828f0124546912df70b72"}],["E:\\idea\\chaoxingsignfacker\\entry\\build\\default\\intermediates\\res\\default\\ResourceTable.txt",{"fileSnapShotHashValue":"95caa9f11c48153256bb95d926b440d5"}],["E:\\idea\\chaoxingsignfacker\\entry\\build\\default\\intermediates\\res\\default\\ark_module.json",{"fileSnapShotHashValue":"1160f5ce70e063349521781cb35c7b91"}],["E:\\idea\\chaoxingsignfacker\\entry\\build\\default\\intermediates\\res\\default\\resources\\base\\profile",{"isDirectory":true,"fileSnapShotHashValue":"c92c2f7efeb7a0a140d43334ed939185"}],["E:\\idea\\chaoxingsignfacker\\entry\\build\\default\\intermediates\\loader\\default\\pkgContextInfo.json",{"fileSnapShotHashValue":"3cdae5d638d74b260e550e918ad2aa4a"}]]},"_outputFiles":{"dataType":"Map","value":[["E:\\idea\\chaoxingsignfacker\\entry\\build\\default\\intermediates\\loader_out\\default\\js",{"isDirectory":true,"fileSnapShotHashValue":""}]]}},":chaoxingsignfacker:entry:default@CacheNativeLibs":{"_inputs":[{"dataType":"ValueEntry","value":"{\"_name\":\"BUILTIN_TASK_COMMAND\",\"_value\":\"\",\"_valueType\":\"string\",\"_hash\":\"0b5d05294fdf4e78e8482ef53eb64ac0\"}"},{"dataType":"ValueEntry","value":"{\"_name\":\"BUILTIN_TASK_ENV\",\"_value\":\"\",\"_valueType\":\"string\",\"_hash\":\"cdcdc2ec8062ca9ec1de46dbf2bbc053\"}"},{"dataType":"ValueEntry","value":"{\"_name\":\"BUILTIN_TASK_TOOLCHAIN\",\"_value\":\"\",\"_valueType\":\"string\",\"_hash\":\"e7f94a9422a8bc317a7d90b58efcb5f6\"}"},{"dataType":"ValueEntry","value":"{\"_name\":\"debugSymbol\",\"_value\":\"\",\"_valueType\":\"string\",\"_hash\":\"055eeab6818b3f1a4978705cfba272fa\"}"}],"_successful":true,"_projectName":"chaoxingsignfacker","_moduleName":"entry","_taskName":"default@CacheNativeLibs","_key":":chaoxingsignfacker:entry:default@CacheNativeLibs","_executionId":":chaoxingsignfacker:entry:default@CacheNativeLibs:1761410740980","_inputFiles":{"dataType":"Map","value":[["E:\\idea\\chaoxingsignfacker\\entry\\build\\default\\intermediates\\stripped_native_libs\\default",{"isDirectory":true,"fileSnapShotHashValue":""}],["E:\\idea\\chaoxingsignfacker\\entry\\build\\default\\intermediates\\libs\\default",{"isDirectory":true,"fileSnapShotHashValue":""}]]},"_outputFiles":{"dataType":"Map","value":[["E:\\idea\\chaoxingsignfacker\\entry\\build\\default\\intermediates\\patch\\default\\base_native_libs.json",{"isDirectory":false,"fileSnapShotHashValue":"ebb473dffb7c2057089c3a7e8b7135a6"}]]}},":chaoxingsignfacker:entry:default@HotReloadArkTS":{"_inputs":[{"dataType":"ValueEntry","value":"{\"_name\":\"debuggable\",\"_value\":true,\"_valueType\":\"boolean\"}"},{"dataType":"ValueEntry","value":"{\"_name\":\"isArk\",\"_value\":true,\"_valueType\":\"boolean\"}"},{"dataType":"ValueEntry","value":"{\"_name\":\"needCoverageInsert\",\"_value\":false,\"_valueType\":\"boolean\"}"},{"dataType":"ValueEntry","value":"{\"_name\":\"ark.tsImportSendable\",\"_value\":false,\"_valueType\":\"boolean\"}"},{"dataType":"ValueEntry","value":"{\"_name\":\"customTypes\",\"_value\":[],\"_valueType\":\"object\"}"},{"dataType":"ValueEntry","value":"{\"_name\":\"isByteCodeHarOptimize\",\"_value\":false,\"_valueType\":\"boolean\"}"},{"dataType":"ValueEntry","value":"{\"_name\":\"caseSensitiveCheck\",\"_value\":true,\"_valueType\":\"boolean\"}"},{"dataType":"ValueEntry","value":"{\"_name\":\"useNormalizedOHMUrl\",\"_value\":true,\"_valueType\":\"boolean\"}"},{"dataType":"ValueEntry","value":"{\"_name\":\"transformLib\",\"_value\":\"\",\"_valueType\":\"string\"}"},{"dataType":"ValueEntry","value":"{\"_name\":\"compatibleSdkVersionStage\",\"_value\":\"\",\"_valueType\":\"string\"}"},{"dataType":"ValueEntry","value":"{\"_name\":\"skipOhModulesLint\",\"_value\":false,\"_valueType\":\"boolean\"}"},{"dataType":"ValueEntry","value":"{\"_name\":\"autoLazyImport\",\"_value\":false,\"_valueType\":\"boolean\"}"},{"dataType":"ValueEntry","value":"{\"_name\":\"allowEmptyBundleName\",\"_value\":false,\"_valueType\":\"boolean\"}"},{"dataType":"ValueEntry","value":"{\"_name\":\"reExportCheckMode\",\"_value\":\"noCheck\",\"_valueType\":\"string\"}"},{"dataType":"ValueEntry","value":"{\"_name\":\"executionMode\",\"_value\":\"memory\",\"_valueType\":\"string\"}"},{"dataType":"ValueEntry","value":"{\"_name\":\"usePathPlaceholder\",\"_value\":false,\"_valueType\":\"boolean\"}"},{"dataType":"ValueEntry","value":"{\"_name\":\"writeRollupCache\",\"_value\":true,\"_valueType\":\"boolean\"}"},{"dataType":"ValueEntry","value":"{\"_name\":\"isExpandImportEnabled\",\"_value\":false,\"_valueType\":\"boolean\"}"},{"dataType":"ValueEntry","value":"{\"_name\":\"expandImportExclude\",\"_value\":\"\",\"_valueType\":\"string\"}"},{"dataType":"ValueEntry","value":"{\"_name\":\"ignoreCrossplatformCheck\",\"_value\":false,\"_valueType\":\"boolean\"}"},{"dataType":"ValueEntry","value":"{\"_name\":\"isPreloadSoEnabled\",\"_value\":false,\"_valueType\":\"boolean\"}"},{"dataType":"ValueEntry","value":"{\"_name\":\"arkTsWdiget\",\"_value\":false,\"_valueType\":\"boolean\"}"},{"dataType":"ValueEntry","value":"{\"_name\":\"OBFUSCATION_ENABLE\",\"_value\":\"undefined\",\"_valueType\":\"string\"}"},{"dataType":"ValueEntry","value":"{\"_name\":\"OBFUSCATION_FILES_HASH\",\"_value\":\"\",\"_valueType\":\"string\"}"},{"dataType":"ValueEntry","value":"{\"_name\":\"maxFlowDepth\",\"_value\":\"undefined\",\"_valueType\":\"string\"}"},{"dataType":"ValueEntry","value":"{\"_name\":\"noExternalImportByPath\",\"_value\":true,\"_valueType\":\"boolean\"}"},{"dataType":"ValueEntry","value":"{\"_name\":\"copyCodeResourceEnable\",\"_value\":true,\"_valueType\":\"boolean\"}"},{"dataType":"ValueEntry","value":"{\"_name\":\"copyCodeResourceExcludes\",\"_value\":[],\"_valueType\":\"object\"}"},{"dataType":"ValueEntry","value":"{\"_name\":\"copyCodeResourceIncludes\",\"_value\":\"undefined\",\"_valueType\":\"string\"}"},{"dataType":"ValueEntry","value":"{\"_name\":\"ohos.uiTransform.Optimization\",\"_value\":false,\"_valueType\":\"boolean\"}"},{"dataType":"ValueEntry","value":"{\"_name\":\"ohos.rollupCache.useSourceHash\",\"_value\":false,\"_valueType\":\"boolean\"}"},{"dataType":"ValueEntry","value":"{\"_name\":\"localModuleParamMap\",\"_value\":\"{}\",\"_valueType\":\"string\"}"},{"dataType":"ValueEntry","value":"{\"_name\":\"BUILTIN_TASK_COMMAND\",\"_value\":\"\",\"_valueType\":\"string\"}"},{"dataType":"ValueEntry","value":"{\"_name\":\"BUILTIN_TASK_TOOLCHAIN\",\"_value\":\"\",\"_valueType\":\"string\"}"},{"dataType":"ValueEntry","value":"{\"_name\":\"BUILTIN_TASK_ENV\",\"_value\":\"\",\"_valueType\":\"string\"}"}],"_successful":true,"_projectName":"chaoxingsignfacker","_moduleName":"entry","_taskName":"default@HotReloadArkTS","_key":":chaoxingsignfacker:entry:default@HotReloadArkTS","_executionId":":chaoxingsignfacker:entry:default@HotReloadArkTS:1761829827611","_inputFiles":{"dataType":"Map","value":[["E:\\idea\\chaoxingsignfacker\\entry\\build\\default\\intermediates\\loader\\default",{"isDirectory":true,"fileSnapShotHashValue":"a50b367798362dcd421fbf3bed7e70bd"}],["E:\\idea\\chaoxingsignfacker\\oh_modules\\.ohpm\\@hadss+debug-db@1.0.0-rc.9\\oh_modules\\@hadss\\debug-db\\Index.ets",{"fileSnapShotHashValue":"df4bcdd75735c310d5aab53c699b6efc"}],["E:\\idea\\chaoxingsignfacker\\oh_modules\\.ohpm\\@ohos+polka@1.0.3\\oh_modules\\@ohos\\polka\\src\\main\\ets\\polka\\index.js",{"fileSnapShotHashValue":"84ed37c2d761c7a2c7e5ab08d5e7ff46"}],["E:\\idea\\chaoxingsignfacker\\oh_modules\\.ohpm\\@ohos+node-polyfill@1.0.0\\oh_modules\\@ohos\\node-polyfill\\Index.js",{"fileSnapShotHashValue":"5aeb49e92421a990adbcccbdd61e4f5c"}],["E:\\idea\\chaoxingsignfacker\\oh_modules\\.ohpm\\@hadss+debug-db@1.0.0-rc.9\\oh_modules\\@hadss\\debug-db\\src\\main\\ets",{"isDirectory":true,"fileSnapShotHashValue":"5380bbf8a303c8696fcc8e669a45b4a6"}],["E:\\idea\\chaoxingsignfacker\\oh_modules\\.ohpm\\@ohos+polka@1.0.3\\oh_modules\\@ohos\\polka\\src\\main\\ets",{"isDirectory":true,"fileSnapShotHashValue":"dfc451b6bb2f6670663720f0ac38d18e"}],["E:\\idea\\chaoxingsignfacker\\oh_modules\\.ohpm\\@ohos+node-polyfill@1.0.0\\oh_modules\\@ohos\\node-polyfill\\src\\main\\ets",{"isDirectory":true,"fileSnapShotHashValue":"e6b81f5b00e81e5042a07eaa47bcf5dd"}],["E:\\idea\\chaoxingsignfacker\\entry\\build\\default\\intermediates\\res\\default\\resources\\rawfile",{"isDirectory":true,"fileSnapShotHashValue":"95bbc5f9b1f828f0124546912df70b72"}],["E:\\idea\\chaoxingsignfacker\\entry\\build\\default\\intermediates\\res\\default\\ResourceTable.txt",{"fileSnapShotHashValue":"95caa9f11c48153256bb95d926b440d5"}],["E:\\idea\\chaoxingsignfacker\\entry\\build\\default\\intermediates\\res\\default\\ark_module.json",{"fileSnapShotHashValue":"1160f5ce70e063349521781cb35c7b91"}],["E:\\idea\\chaoxingsignfacker\\entry\\build\\default\\intermediates\\res\\default\\resources\\base\\profile",{"isDirectory":true,"fileSnapShotHashValue":"c92c2f7efeb7a0a140d43334ed939185"}],["E:\\idea\\chaoxingsignfacker\\entry\\src\\main\\ets",{"isDirectory":true,"fileSnapShotHashValue":"f48688ead0b163e7e29b3bab50f4b6f4"}],["E:\\idea\\chaoxingsignfacker\\entry\\build\\default\\intermediates\\loader\\default\\pkgContextInfo.json",{"fileSnapShotHashValue":"3cdae5d638d74b260e550e918ad2aa4a"}],["E:\\idea\\chaoxingsignfacker\\entry\\build\\default\\generated\\profile\\default\\BuildProfile.ets",{"fileSnapShotHashValue":"8bb325cc5dddfb13aa6d503928fbed59"}],["E:\\idea\\chaoxingsignfacker\\entry\\src\\mock\\mock-config.json5",{"isDirectory":false,"fileSnapShotHashValue":"029586c5776aa93fde588bb6b2114144"}]]},"_outputFiles":{"dataType":"Map","value":[["E:\\idea\\chaoxingsignfacker\\entry\\build\\default\\intermediates\\loader_out\\default\\ets",{"isDirectory":true,"fileSnapShotHashValue":"0d539531e85855e2cebaa1b5e334d6a2"}]]}},":chaoxingsignfacker:entry:default@GeneratePkgModuleJson":{"_inputs":[{"dataType":"ValueEntry","value":"{\"_name\":\"BUILTIN_TASK_COMMAND\",\"_value\":\"\",\"_valueType\":\"string\",\"_hash\":\"0b5d05294fdf4e78e8482ef53eb64ac0\"}"},{"dataType":"ValueEntry","value":"{\"_name\":\"BUILTIN_TASK_ENV\",\"_value\":\"\",\"_valueType\":\"string\",\"_hash\":\"cdcdc2ec8062ca9ec1de46dbf2bbc053\"}"},{"dataType":"ValueEntry","value":"{\"_name\":\"BUILTIN_TASK_TOOLCHAIN\",\"_value\":\"\",\"_valueType\":\"string\",\"_hash\":\"e7f94a9422a8bc317a7d90b58efcb5f6\"}"}],"_successful":true,"_projectName":"chaoxingsignfacker","_moduleName":"entry","_taskName":"default@GeneratePkgModuleJson","_key":":chaoxingsignfacker:entry:default@GeneratePkgModuleJson","_executionId":":chaoxingsignfacker:entry:default@GeneratePkgModuleJson:1761411155187","_inputFiles":{"dataType":"Map","value":[["E:\\idea\\chaoxingsignfacker\\entry\\build\\default\\intermediates\\res\\default\\module.json",{"fileSnapShotHashValue":"63147957688c06c1a0d62708ff194c83"}]]},"_outputFiles":{"dataType":"Map","value":[["E:\\idea\\chaoxingsignfacker\\entry\\build\\default\\intermediates\\package\\default\\module.json",{"fileSnapShotHashValue":"63147957688c06c1a0d62708ff194c83"}]]}},":chaoxingsignfacker:entry:default@ProcessCompiledResources":{"_inputs":[{"dataType":"ValueEntry","value":"{\"_name\":\"resourcePath\",\"_value\":\"E:\\\\idea\\\\chaoxingsignfacker\\\\entry\\\\build\\\\default\\\\intermediates\\\\res\\\\default\\\\resources\",\"_valueType\":\"string\"}"},{"dataType":"ValueEntry","value":"{\"_name\":\"BUILTIN_TASK_COMMAND\",\"_value\":\"\",\"_valueType\":\"string\"}"},{"dataType":"ValueEntry","value":"{\"_name\":\"BUILTIN_TASK_TOOLCHAIN\",\"_value\":\"\",\"_valueType\":\"string\"}"},{"dataType":"ValueEntry","value":"{\"_name\":\"BUILTIN_TASK_ENV\",\"_value\":\"\",\"_valueType\":\"string\"}"}],"_successful":false,"_projectName":"chaoxingsignfacker","_moduleName":"entry","_taskName":"default@ProcessCompiledResources","_key":":chaoxingsignfacker:entry:default@ProcessCompiledResources","_executionId":":chaoxingsignfacker:entry:default@ProcessCompiledResources:1761829833605","_inputFiles":{"dataType":"Map","value":[]},"_outputFiles":{"dataType":"Map","value":[]}},":chaoxingsignfacker:entry:default@PackageHap":{"_inputs":[{"dataType":"ValueEntry","value":"{\"_name\":\"hotReload\",\"_value\":true,\"_valueType\":\"boolean\"}"},{"dataType":"ValueEntry","value":"{\"_name\":\"integrated_hsp\",\"_value\":false,\"_valueType\":\"boolean\"}"},{"dataType":"ValueEntry","value":"{\"_name\":\"projectConfigAppOpt\",\"_valueType\":\"undefined\"}"},{"dataType":"ValueEntry","value":"{\"_name\":\"sourceMapDir\",\"_value\":\"\",\"_valueType\":\"string\"}"},{"dataType":"ValueEntry","value":"{\"_name\":\"bundleType\",\"_value\":\"app\",\"_valueType\":\"string\"}"},{"dataType":"ValueEntry","value":"{\"_name\":\"BUILTIN_TASK_COMMAND\",\"_value\":\"java,-Dfile.encoding=GBK,-jar,D:\\\\OtherApp\\\\DevEco Studio\\\\sdk\\\\default\\\\openharmony\\\\toolchains\\\\lib\\\\app_packing_tool.jar,--mode,hap,--force,true,--lib-path,E:\\\\idea\\\\chaoxingsignfacker\\\\entry\\\\build\\\\default\\\\intermediates\\\\stripped_native_libs\\\\default,--json-path,E:\\\\idea\\\\chaoxingsignfacker\\\\entry\\\\build\\\\default\\\\intermediates\\\\package\\\\default\\\\module.json,--resources-path,E:\\\\idea\\\\chaoxingsignfacker\\\\entry\\\\build\\\\default\\\\intermediates\\\\res\\\\default\\\\resources,--index-path,E:\\\\idea\\\\chaoxingsignfacker\\\\entry\\\\build\\\\default\\\\intermediates\\\\res\\\\default\\\\resources.index,--pack-info-path,E:\\\\idea\\\\chaoxingsignfacker\\\\entry\\\\build\\\\default\\\\outputs\\\\default\\\\pack.info,--out-path,E:\\\\idea\\\\chaoxingsignfacker\\\\entry\\\\build\\\\default\\\\outputs\\\\default\\\\entry-default-unsigned.hap,--ets-path,E:\\\\idea\\\\chaoxingsignfacker\\\\entry\\\\build\\\\default\\\\intermediates\\\\loader_out\\\\default\\\\ets,--pkg-context-path,E:\\\\idea\\\\chaoxingsignfacker\\\\entry\\\\build\\\\default\\\\intermediates\\\\loader\\\\default\\\\pkgContextInfo.json\",\"_valueType\":\"string\"}"},{"dataType":"ValueEntry","value":"{\"_name\":\"BUILTIN_TASK_TOOLCHAIN\",\"_value\":\"D:\\\\OtherApp\\\\DevEco Studio\\\\sdk\\\\default\\\\openharmony\\\\toolchains\\\\lib\\\\app_packing_tool.jar\",\"_valueType\":\"string\"}"},{"dataType":"ValueEntry","value":"{\"_name\":\"BUILTIN_TASK_ENV\",\"_value\":\"\",\"_valueType\":\"string\"}"}],"_successful":true,"_projectName":"chaoxingsignfacker","_moduleName":"entry","_taskName":"default@PackageHap","_key":":chaoxingsignfacker:entry:default@PackageHap","_executionId":":chaoxingsignfacker:entry:default@PackageHap:1761829833607","_inputFiles":{"dataType":"Map","value":[["E:\\idea\\chaoxingsignfacker\\entry\\build\\default\\intermediates\\stripped_native_libs\\default",{"isDirectory":false,"fileSnapShotHashValue":""}],["E:\\idea\\chaoxingsignfacker\\entry\\build\\default\\intermediates\\res\\default\\module.json",{"isDirectory":false,"fileSnapShotHashValue":"63147957688c06c1a0d62708ff194c83"}],["E:\\idea\\chaoxingsignfacker\\entry\\build\\default\\intermediates\\res\\default\\resources",{"isDirectory":false,"fileSnapShotHashValue":"bdaf9fe9e58be62493233960edd5cef3"}],["E:\\idea\\chaoxingsignfacker\\entry\\build\\default\\intermediates\\res\\default\\resources.index",{"isDirectory":false,"fileSnapShotHashValue":"b0b81604b2870ec4159a3260208dd857"}],["E:\\idea\\chaoxingsignfacker\\entry\\build\\default\\outputs\\default\\pack.info",{"isDirectory":false,"fileSnapShotHashValue":"52c8faefdab50df46bf4157033015376"}],["E:\\idea\\chaoxingsignfacker\\entry\\build\\default\\intermediates\\loader_out\\default\\ets",{"isDirectory":false,"fileSnapShotHashValue":"0d539531e85855e2cebaa1b5e334d6a2"}],["E:\\idea\\chaoxingsignfacker\\entry\\build\\default\\intermediates\\loader\\default\\pkgContextInfo.json",{"isDirectory":false,"fileSnapShotHashValue":"3cdae5d638d74b260e550e918ad2aa4a"}],["E:\\idea\\chaoxingsignfacker\\entry\\build\\default\\intermediates\\loader_out\\default\\ets\\sourceMaps.map",{"isDirectory":false,"fileSnapShotHashValue":"3ce999c6a1225bca15ca0a54acc83320"}],["E:\\idea\\chaoxingsignfacker\\entry\\build\\default\\generated\\profile\\default\\BuildProfile.ets",{"fileSnapShotHashValue":"8bb325cc5dddfb13aa6d503928fbed59"}]]},"_outputFiles":{"dataType":"Map","value":[["E:\\idea\\chaoxingsignfacker\\entry\\build\\default\\outputs\\default\\entry-default-unsigned.hap",{"isDirectory":false,"fileSnapShotHashValue":"c8e1faf6a9d21d8692de1a6c2811b77d"}],["E:\\idea\\chaoxingsignfacker\\entry\\build\\default\\intermediates\\source_map\\default\\sourceMaps.map",{"fileSnapShotHashValue":"3ce999c6a1225bca15ca0a54acc83320"}],["E:\\idea\\chaoxingsignfacker\\entry\\build\\default\\outputs\\default\\mapping\\sourceMaps.map",{"fileSnapShotHashValue":"3ce999c6a1225bca15ca0a54acc83320"}]]}},":chaoxingsignfacker:entry:default@SignHap":{"_inputs":[{"dataType":"ValueEntry","value":"{\"_name\":\"enableSignTask\",\"_value\":true,\"_valueType\":\"boolean\"}"},{"dataType":"ValueEntry","value":"{\"_name\":\"sdkToolchainsComponentVersion\",\"_value\":\"6.0.0.47\",\"_valueType\":\"string\"}"},{"dataType":"ValueEntry","value":"{\"_name\":\"existSigningConfig\",\"_value\":true,\"_valueType\":\"boolean\"}"},{"dataType":"ValueEntry","value":"{\"_name\":\"signingConfig_name\",\"_value\":\"default\",\"_valueType\":\"string\"}"},{"dataType":"ValueEntry","value":"{\"_name\":\"signingConfig_type\",\"_value\":\"HarmonyOS\",\"_valueType\":\"string\"}"},{"dataType":"ValueEntry","value":"{\"_name\":\"existMaterial\",\"_value\":true,\"_valueType\":\"boolean\"}"},{"dataType":"ValueEntry","value":"{\"_name\":\"signingConfig_signAlg\",\"_value\":\"SHA256withECDSA\",\"_valueType\":\"string\"}"},{"dataType":"ValueEntry","value":"{\"_name\":\"signingConfig_keyAlias\",\"_value\":\"debug250920mapkit\",\"_valueType\":\"string\"}"},{"dataType":"ValueEntry","value":"{\"_name\":\"signingConfig_keyPassword\",\"_value\":\"00000018837FB97B47006E1DAF657FEEC1FA75FB008A6256357574833F50524F993FA89F54BD86E4\",\"_valueType\":\"string\"}"},{"dataType":"ValueEntry","value":"{\"_name\":\"signingConfig_storePassword\",\"_value\":\"00000018F7967B0CAB406683C321BD414B71C21B8BF76BA56554542B02F8C7D09BE60C2F4D3600FA\",\"_valueType\":\"string\"}"},{"dataType":"ValueEntry","value":"{\"_name\":\"BUILTIN_TASK_COMMAND\",\"_value\":\"\",\"_valueType\":\"string\"}"},{"dataType":"ValueEntry","value":"{\"_name\":\"BUILTIN_TASK_TOOLCHAIN\",\"_value\":\"\",\"_valueType\":\"string\"}"},{"dataType":"ValueEntry","value":"{\"_name\":\"BUILTIN_TASK_ENV\",\"_value\":\"\",\"_valueType\":\"string\"}"}],"_successful":true,"_projectName":"chaoxingsignfacker","_moduleName":"entry","_taskName":"default@SignHap","_key":":chaoxingsignfacker:entry:default@SignHap","_executionId":":chaoxingsignfacker:entry:default@SignHap:1761829833665","_inputFiles":{"dataType":"Map","value":[["E:/Download/debugmap.cer",{"isDirectory":false,"fileSnapShotHashValue":"8902de2f23a060d80adc632fa1ae5fed"}],["E:/Download/签到助手Debug.p7b",{"isDirectory":false,"fileSnapShotHashValue":"57ac6a947ff0f96445555ebc978176f6"}],["D:/SignDir/debug250920mapkit.p12",{"isDirectory":false,"fileSnapShotHashValue":"e9374a097fc621724df183b66ee962f8"}],["E:\\idea\\chaoxingsignfacker\\entry\\build\\default\\outputs\\default\\entry-default-unsigned.hap",{"isDirectory":false,"fileSnapShotHashValue":"c8e1faf6a9d21d8692de1a6c2811b77d"}]]},"_outputFiles":{"dataType":"Map","value":[["E:\\idea\\chaoxingsignfacker\\entry\\build\\default\\outputs\\default\\entry-default-signed.hap",{"isDirectory":false,"fileSnapShotHashValue":"13db84f0a956368a456771d2cb1d02cc"}]]}},":chaoxingsignfacker:entry:default@CollectDebugSymbol":{"_inputs":[{"dataType":"ValueEntry","value":"{\"_name\":\"BUILTIN_TASK_COMMAND\",\"_value\":\"\",\"_valueType\":\"string\"}"},{"dataType":"ValueEntry","value":"{\"_name\":\"BUILTIN_TASK_TOOLCHAIN\",\"_value\":\"\",\"_valueType\":\"string\"}"},{"dataType":"ValueEntry","value":"{\"_name\":\"BUILTIN_TASK_ENV\",\"_value\":\"\",\"_valueType\":\"string\"}"}],"_successful":false,"_projectName":"chaoxingsignfacker","_moduleName":"entry","_taskName":"default@CollectDebugSymbol","_key":":chaoxingsignfacker:entry:default@CollectDebugSymbol","_executionId":":chaoxingsignfacker:entry:default@CollectDebugSymbol:1761829833799","_inputFiles":{"dataType":"Map","value":[["E:\\idea\\chaoxingsignfacker\\entry\\build\\default\\intermediates\\loader_out\\default\\ets\\sourceMaps.map",{"fileSnapShotHashValue":"3ce999c6a1225bca15ca0a54acc83320"}],["E:\\idea\\chaoxingsignfacker\\entry\\build\\default\\intermediates\\libs\\default",{"isDirectory":true,"fileSnapShotHashValue":""}]]},"_outputFiles":{"dataType":"Map","value":[["E:\\idea\\chaoxingsignfacker\\entry\\build\\default\\outputs\\default\\symbol",{"isDirectory":true,"fileSnapShotHashValue":""}]]}},":chaoxingsignfacker:entry:default@CompileArkTS":{"_inputs":[{"dataType":"ValueEntry","value":"{\"_name\":\"debuggable\",\"_value\":true,\"_valueType\":\"boolean\"}"},{"dataType":"ValueEntry","value":"{\"_name\":\"isArk\",\"_value\":true,\"_valueType\":\"boolean\"}"},{"dataType":"ValueEntry","value":"{\"_name\":\"needCoverageInsert\",\"_value\":false,\"_valueType\":\"boolean\"}"},{"dataType":"ValueEntry","value":"{\"_name\":\"ark.tsImportSendable\",\"_value\":false,\"_valueType\":\"boolean\"}"},{"dataType":"ValueEntry","value":"{\"_name\":\"customTypes\",\"_value\":[],\"_valueType\":\"object\"}"},{"dataType":"ValueEntry","value":"{\"_name\":\"isByteCodeHarOptimize\",\"_value\":false,\"_valueType\":\"boolean\"}"},{"dataType":"ValueEntry","value":"{\"_name\":\"caseSensitiveCheck\",\"_value\":true,\"_valueType\":\"boolean\"}"},{"dataType":"ValueEntry","value":"{\"_name\":\"useNormalizedOHMUrl\",\"_value\":true,\"_valueType\":\"boolean\"}"},{"dataType":"ValueEntry","value":"{\"_name\":\"transformLib\",\"_value\":\"\",\"_valueType\":\"string\"}"},{"dataType":"ValueEntry","value":"{\"_name\":\"compatibleSdkVersionStage\",\"_value\":\"\",\"_valueType\":\"string\"}"},{"dataType":"ValueEntry","value":"{\"_name\":\"skipOhModulesLint\",\"_value\":false,\"_valueType\":\"boolean\"}"},{"dataType":"ValueEntry","value":"{\"_name\":\"autoLazyImport\",\"_value\":false,\"_valueType\":\"boolean\"}"},{"dataType":"ValueEntry","value":"{\"_name\":\"allowEmptyBundleName\",\"_value\":false,\"_valueType\":\"boolean\"}"},{"dataType":"ValueEntry","value":"{\"_name\":\"reExportCheckMode\",\"_value\":\"noCheck\",\"_valueType\":\"string\"}"},{"dataType":"ValueEntry","value":"{\"_name\":\"executionMode\",\"_value\":\"memory\",\"_valueType\":\"string\"}"},{"dataType":"ValueEntry","value":"{\"_name\":\"usePathPlaceholder\",\"_value\":false,\"_valueType\":\"boolean\"}"},{"dataType":"ValueEntry","value":"{\"_name\":\"writeRollupCache\",\"_value\":true,\"_valueType\":\"boolean\"}"},{"dataType":"ValueEntry","value":"{\"_name\":\"isExpandImportEnabled\",\"_value\":false,\"_valueType\":\"boolean\"}"},{"dataType":"ValueEntry","value":"{\"_name\":\"expandImportExclude\",\"_value\":\"\",\"_valueType\":\"string\"}"},{"dataType":"ValueEntry","value":"{\"_name\":\"ignoreCrossplatformCheck\",\"_value\":false,\"_valueType\":\"boolean\"}"},{"dataType":"ValueEntry","value":"{\"_name\":\"isPreloadSoEnabled\",\"_value\":false,\"_valueType\":\"boolean\"}"},{"dataType":"ValueEntry","value":"{\"_name\":\"arkTsWdiget\",\"_value\":false,\"_valueType\":\"boolean\"}"},{"dataType":"ValueEntry","value":"{\"_name\":\"OBFUSCATION_ENABLE\",\"_value\":\"undefined\",\"_valueType\":\"string\"}"},{"dataType":"ValueEntry","value":"{\"_name\":\"OBFUSCATION_FILES_HASH\",\"_value\":\"\",\"_valueType\":\"string\"}"},{"dataType":"ValueEntry","value":"{\"_name\":\"maxFlowDepth\",\"_value\":\"undefined\",\"_valueType\":\"string\"}"},{"dataType":"ValueEntry","value":"{\"_name\":\"noExternalImportByPath\",\"_value\":true,\"_valueType\":\"boolean\"}"},{"dataType":"ValueEntry","value":"{\"_name\":\"copyCodeResourceEnable\",\"_value\":true,\"_valueType\":\"boolean\"}"},{"dataType":"ValueEntry","value":"{\"_name\":\"copyCodeResourceExcludes\",\"_value\":[],\"_valueType\":\"object\"}"},{"dataType":"ValueEntry","value":"{\"_name\":\"copyCodeResourceIncludes\",\"_value\":\"undefined\",\"_valueType\":\"string\"}"},{"dataType":"ValueEntry","value":"{\"_name\":\"ohos.uiTransform.Optimization\",\"_value\":false,\"_valueType\":\"boolean\"}"},{"dataType":"ValueEntry","value":"{\"_name\":\"ohos.rollupCache.useSourceHash\",\"_value\":false,\"_valueType\":\"boolean\"}"},{"dataType":"ValueEntry","value":"{\"_name\":\"localModuleParamMap\",\"_value\":\"{}\",\"_valueType\":\"string\"}"},{"dataType":"ValueEntry","value":"{\"_name\":\"BUILTIN_TASK_COMMAND\",\"_value\":\"\",\"_valueType\":\"string\"}"},{"dataType":"ValueEntry","value":"{\"_name\":\"BUILTIN_TASK_TOOLCHAIN\",\"_value\":\"\",\"_valueType\":\"string\"}"},{"dataType":"ValueEntry","value":"{\"_name\":\"BUILTIN_TASK_ENV\",\"_value\":\"\",\"_valueType\":\"string\"}"}],"_successful":false,"_projectName":"chaoxingsignfacker","_moduleName":"entry","_taskName":"default@CompileArkTS","_key":":chaoxingsignfacker:entry:default@CompileArkTS","_executionId":":chaoxingsignfacker:entry:default@CompileArkTS:1761410740942","_inputFiles":{"dataType":"Map","value":[["E:\\idea\\chaoxingsignfacker\\entry\\build\\default\\intermediates\\loader\\default",{"isDirectory":true,"fileSnapShotHashValue":"d3a7d8d5a46b4c14849825bb10308ad3"}],["E:\\idea\\chaoxingsignfacker\\oh_modules\\.ohpm\\@hadss+debug-db@1.0.0-rc.9\\oh_modules\\@hadss\\debug-db\\Index.ets",{"fileSnapShotHashValue":"df4bcdd75735c310d5aab53c699b6efc"}],["E:\\idea\\chaoxingsignfacker\\oh_modules\\.ohpm\\@ohos+polka@1.0.3\\oh_modules\\@ohos\\polka\\src\\main\\ets\\polka\\index.js",{"fileSnapShotHashValue":"84ed37c2d761c7a2c7e5ab08d5e7ff46"}],["E:\\idea\\chaoxingsignfacker\\oh_modules\\.ohpm\\@ohos+node-polyfill@1.0.0\\oh_modules\\@ohos\\node-polyfill\\Index.js",{"fileSnapShotHashValue":"5aeb49e92421a990adbcccbdd61e4f5c"}],["E:\\idea\\chaoxingsignfacker\\oh_modules\\.ohpm\\@hadss+debug-db@1.0.0-rc.9\\oh_modules\\@hadss\\debug-db\\src\\main\\ets",{"isDirectory":true,"fileSnapShotHashValue":"5380bbf8a303c8696fcc8e669a45b4a6"}],["E:\\idea\\chaoxingsignfacker\\oh_modules\\.ohpm\\@ohos+polka@1.0.3\\oh_modules\\@ohos\\polka\\src\\main\\ets",{"isDirectory":true,"fileSnapShotHashValue":"dfc451b6bb2f6670663720f0ac38d18e"}],["E:\\idea\\chaoxingsignfacker\\oh_modules\\.ohpm\\@ohos+node-polyfill@1.0.0\\oh_modules\\@ohos\\node-polyfill\\src\\main\\ets",{"isDirectory":true,"fileSnapShotHashValue":"e6b81f5b00e81e5042a07eaa47bcf5dd"}],["E:\\idea\\chaoxingsignfacker\\entry\\build\\default\\intermediates\\res\\default\\resources\\rawfile",{"isDirectory":true,"fileSnapShotHashValue":"95bbc5f9b1f828f0124546912df70b72"}],["E:\\idea\\chaoxingsignfacker\\entry\\build\\default\\intermediates\\res\\default\\ResourceTable.txt",{"fileSnapShotHashValue":"95caa9f11c48153256bb95d926b440d5"}],["E:\\idea\\chaoxingsignfacker\\entry\\build\\default\\intermediates\\res\\default\\ark_module.json",{"fileSnapShotHashValue":"1160f5ce70e063349521781cb35c7b91"}],["E:\\idea\\chaoxingsignfacker\\entry\\build\\default\\intermediates\\res\\default\\resources\\base\\profile",{"isDirectory":true,"fileSnapShotHashValue":"c92c2f7efeb7a0a140d43334ed939185"}],["E:\\idea\\chaoxingsignfacker\\entry\\src\\main\\ets",{"isDirectory":true,"fileSnapShotHashValue":"c812c368ee5220a7f8eb0c3a26b87c70"}],["E:\\idea\\chaoxingsignfacker\\entry\\build\\default\\intermediates\\loader\\default\\pkgContextInfo.json",{"fileSnapShotHashValue":"3cdae5d638d74b260e550e918ad2aa4a"}],["E:\\idea\\chaoxingsignfacker\\entry\\build\\default\\generated\\profile\\default\\BuildProfile.ets",{"fileSnapShotHashValue":"8bb325cc5dddfb13aa6d503928fbed59"}],["E:\\idea\\chaoxingsignfacker\\entry\\src\\main\\cpp\\types",{"isDirectory":true,"fileSnapShotHashValue":"c83d392bb8231089e145ce4e7731a0ce"}],["E:\\idea\\chaoxingsignfacker\\entry\\src\\mock\\mock-config.json5",{"isDirectory":false,"fileSnapShotHashValue":"029586c5776aa93fde588bb6b2114144"}]]},"_outputFiles":{"dataType":"Map","value":[["E:\\idea\\chaoxingsignfacker\\entry\\build\\default\\intermediates\\loader_out\\default\\ets",{"isDirectory":true,"fileSnapShotHashValue":""}]]}}}