{"CACHE_SYNC_FILE_HASH":{"E:\\idea\\chaoxingsignfacker\\hvigor\\hvigor-config.json5":"d0dc4decd6da0f1530185022877b9086dd39146fea9981d3cd372c3748f5dc40","E:\\idea\\chaoxingsignfacker\\build-profile.json5":"05d3a1ad12d678f6b5c26831b5df445fddd597ad1853da98723d941c15769478","E:\\idea\\chaoxingsignfacker\\hvigorfile.ts":"368a1c17938ba9dbb6278457adb46985b3d93545ac09065bc9ed319be91a16ba","E:\\idea\\chaoxingsignfacker\\oh-package.json5":"c5859858458582446d3b99e069106fb1795654f7cef527050ea34044d5101608","E:\\idea\\chaoxingsignfacker\\entry\\build-profile.json5":"ea2089a34dd39012362751727cbb9c5d90c162bc9261037439459dbab1517b47","E:\\idea\\chaoxingsignfacker\\entry\\hvigorfile.ts":"e27d2e26d95601af4f251bf9f5dae8baeb00349bc751041efb807fb83edc362a","E:\\idea\\chaoxingsignfacker\\entry\\oh-package.json5":"ebb993f7f49219f2fbcacb0a9fbe9441620bf25329502780ecbc6ae6cd7e98c4","E:\\idea\\chaoxingsignfacker\\.hvigor\\outputs\\sync\\output.json":"3b2943cd7b59f78cf61540489366d19ea8cf600f474af55169fdd8f6ccaab264","SDK_LOCATION":"D:/OtherApp/DevEco Studio/sdk"},"OHPM_INSTALL_FILE_HASH":{"E:\\idea\\chaoxingsignfacker\\oh-package.json5":"c5859858458582446d3b99e069106fb1795654f7cef527050ea34044d5101608","E:\\idea\\chaoxingsignfacker\\oh_modules\\.ohpm\\lock.json5":"31330988ca0236ce86da641ae805f7e6f3108ea528e071da263b32b2239f6e3d","E:\\idea\\chaoxingsignfacker\\entry\\oh-package.json5":"ebb993f7f49219f2fbcacb0a9fbe9441620bf25329502780ecbc6ae6cd7e98c4","E:\\idea\\chaoxingsignfacker\\oh_modules":true,"E:\\idea\\chaoxingsignfacker\\entry\\oh_modules":false},"CACHE_COMPILE_NATIVE_FILE_HASH-entry":{"E:\\idea\\chaoxingsignfacker\\entry\\.cxx\\default\\default\\debug\\arm64-v8a\\compile_commands.json":"b20bc9fd0074790c17edb91fd0f57a951b68d00ecd620a74d250cb69170d84a6","E:\\idea\\chaoxingsignfacker\\entry\\.cxx\\default\\default\\debug\\arm64-v8a\\.cmake\\api\\v1\\reply\\cache-v2-6a7eba0e18a1a4d496c6.json":"c44e95e9b022040a81c9cad38a78592fb895bbf9811d5fb999f692fe2927de43","E:\\idea\\chaoxingsignfacker\\entry\\.cxx\\default\\default\\debug\\arm64-v8a\\.cmake\\api\\v1\\reply\\cmakeFiles-v1-934959436b73acec6b20.json":"e3fcb35c51db4b1544f0763c217098e1628abc4b760fb7722019d3946fb92495","E:\\idea\\chaoxingsignfacker\\entry\\.cxx\\default\\default\\debug\\arm64-v8a\\.cmake\\api\\v1\\reply\\codemodel-v2-5850a36c4918166ebca2.json":"8b1bca4661038810930e5ed62295de09d299ed6cbc2025e956176913e80e619b","E:\\idea\\chaoxingsignfacker\\entry\\.cxx\\default\\default\\debug\\arm64-v8a\\.cmake\\api\\v1\\reply\\directory-.-Debug-d0094a50bb2071803777.json":"a97e163deeccf98dd618dafd24254ce5dec1c39ed0da5822883710e156069aab","E:\\idea\\chaoxingsignfacker\\entry\\.cxx\\default\\default\\debug\\arm64-v8a\\.cmake\\api\\v1\\reply\\index-2025-10-17T17-01-20-0959.json":"72f1419fe7e8668ad1043267ef7e519f17c1099d8d749239d221a8c6e69ad620","E:\\idea\\chaoxingsignfacker\\entry\\.cxx\\default\\default\\debug\\arm64-v8a\\.cmake\\api\\v1\\reply\\target-entry-Debug-f9a84bc87920f15a3909.json":"b07002a693962f7e44dee36256e8cd4fdc28e688f092cf33e1901543cdb9f03f","SDK_LOCATION":"D:/OtherApp/DevEco Studio/sdk"}}