{"key": "entry|entry|1.0.0|src/main/ets/pages/Index.ts", "val": {"version":3,"file":"Index.ets","sourceRoot":"","sources":["entry/src/main/ets/pages/Index.ets"],"names":[],"mappings":";;;;IA+DS,YAAY,GAAE,MAAM;IACpB,aAAa,GAAE,KAAK,CAAC,QAAQ,GAAG,QAAQ;IACxC,QAAQ,GAAE,QAAQ,GAAG,MAAM;IAC3B,SAAS,GAAE,QAAQ,GAAG,MAAM;IAC5B,KAAK,GAAE,MAAM;IACb,SAAS,GAAE,MAAM;IACjB,SAAS,GAAE,aAAa,EAAE,GAAG,IAAI;IACjC,MAAM,GAAE,OAAO;IACA,SAAS,GAAE,YAAY;IACrC,UAAU,GAAE,cAAc;IAC1B,SAAS,GAAE,SAAS;IACpB,sBAAsB,GAAE,sBAAsB;;;IAlChD,QAAQ,GAAE,MAAM;IACf,SAAS,GAAE,KAAK,CAAC,QAAQ,GAAG,IAAI;;;IAlCvC,UAAU,GAAE,sBAAsB;IAC5B,KAAK,GAAE,MAAM;;OARd,EAAE,eAAe,EAAY;OAC7B,EAAE,aAAa,EAAE;YACjB,KAAK;OACL,EAAiB,iBAAiB,EAAE;cAAlC,aAAa;MAGf,YAAY;IADnB;;;;;;;;;KAFqE;;;;;;;kCAK7D,KAAK;;;;;;;;;;IADX,oBAAY,sBAAsB,CAAC;;aAAnC,UAAU;;IACV,+CAAa,MAAM,EAAA;QAAb,KAAK;;;QAAL,KAAK,WAAE,MAAM;;;IAEnB;;YACE,MAAM;;YAAN,MAAM,CAqBJ,eAAe;YArBjB,MAAM,CAqBsD,YAAY,CAAC,EAAE;;;;YApBzE,IAAI,IAAI,CAAC,KAAK,EAAE;;;wBACd,MAAM;;wBAAN,MAAM,CASJ,MAAM,CAAC,EAAE;wBATX,MAAM,CASO,YAAY,CAAC,EAAE;wBAT5B,MAAM,CASwB,WAAW,CAAC,SAAS;wBATnD,MAAM,CAS+C,WAAW,CAAC,CAAC;;;wBARhE,MAAM;;wBAAN,MAAM,CAGL,MAAM,CAAC,EAAE;wBAHV,MAAM,CAIL,KAAK,CAAC,GAAG;wBAJV,MAAM,CAKL,MAAM,CAAC,GAAG;wBALX,MAAM,CAML,eAAe;wBANhB,MAAM,CAOL,YAAY,CAAC,EAAE;;;wBANd,MAAM,QAAC,IAAI,CAAC,KAAK;;wBAAjB,MAAM,CAAa,KAAK,CAAC,GAAG;wBAA5B,MAAM,CAAwB,MAAM,CAAC,GAAG;wBAAxC,MAAM,CAAoC,MAAM,CAAC,EAAE,GAAG,EAAE,EAAE,EAAE;;oBAA5D,MAAM;oBADR,MAAM;oBADR,MAAM;;aAUP;iBAAM;;;wBACL,MAAM;;;;wBACJ,IAAI,QAAC,UAAU;;;oBAAf,IAAI;oBADN,MAAM;;aAGP;;;;YACD,MAAM,iBAAC,IAAI;;YAAX,MAAM,CACH,OAAO,CAAC,GAAG,EAAE;gBACZ,IAAI,CAAC,UAAU,CAAC,KAAK,EAAE,CAAA,CAAC,2BAA2B;YACrD,CAAC;YAHH,MAAM,CAGD,MAAM,CAAC,EAAE,MAAM,EAAE,EAAE,EAAE;;QAH1B,MAAM;QAjBR,MAAM;KAsBP;;;;;MAMI,SAAS;IAFhB;;;;;;wDAI4C,IAAI;;;KAP/C;;;;;;;qCAMO,QAAQ;;;;;;;;;;;;;;;;IAAd,kDAAgB,MAAM,EAAC;QAAjB,QAAQ;;;QAAR,QAAQ,WAAE,MAAM;;;IACtB,8CAAkB,KAAK,CAAC,QAAQ,GAAG,IAAI,EAAQ;QAAxC,SAAS;;;QAAT,SAAS,WAAE,KAAK,CAAC,QAAQ,GAAG,IAAI;;;IAEvC;;YACE,MAAM;;;;YACJ,KAAK,QAAC,IAAI,CAAC,SAAS;;YAApB,KAAK,CAGF,WAAW;;gBAHd,KAAK,CACF,KAAK,CAAC,EAAE;gBADX,KAAK,CAEF,MAAM,CAAC,EAAE;gBAFZ,KAAK,CAIF,WAAW,CAAC,CAAC;gBAJhB,KAAK,CAKF,YAAY,CAAC,EAAE;gBALlB,KAAK,CAMF,MAAM,CAAC,EAAE;gBANZ,KAAK,CAOF,QAAQ,CAAC,KAAK,IAAI,EAAE;oBACnB,IAAI,CAAC,SAAS,GAAG,MAAM,aAAa,CAAC,MAAM,CAAC,IAAI,CAAC,QAAQ,CAAC,CAAA;gBAC5D,CAAC;;;QAVL,MAAM;KAYP;;;;;MAMI,EAAE;IAFT;;;;;2DAGgC,CAAC;;;;oDAIR,EAAE;wDACE,IAAI;wDACY,IAAI;qDACtB,KAAK;wDACkB,IAAI,YAAY,EAAE;;0BAC7B,IAAI,cAAc,EAAE;yBAC1B,IAAI,CAAC,YAAY,EAAE;0CACW,sBAAsB;YACjF,OAAO;mCAAE,YAAY,OAAC,EAAE,KAAK,EAAE,IAAI,CAAC,KAAK,EAAE;4CADrC,sBAAsB;;;;wBACJ,KAAK,EAAE,IAAI,CAAC,KAAK;;;;aAAG;YAC5C,SAAS,EAAE,eAAe,CAAC,MAAM;YACjC,WAAW,EAAE,IAAI;YACjB,YAAY,EAAE,EAAE;YAChB,KAAK,EAAE,GAAG;YACV,MAAM,EAAE,GAAG;YACX,eAAe,EAAE,KAAK,CAAC,KAAK;;;;KAxB/B;;;;;;;;;;;;;;;;;;;;;;;;;;;;;;;;;;;;;;;;;;;;;;;;;;;;;;;;;;;;;;;;;IAMC,iDAAqB,MAAM,EAAK;QAAzB,YAAY;;;QAAZ,YAAY,WAAE,MAAM;;;IAC3B,kDAAsB,KAAK,CAAC,QAAQ,GAAG,QAAQ,EAA8B,CAAC,iBAAiB;QAAxF,aAAa;;;QAAb,aAAa,WAAE,KAAK,CAAC,QAAQ,GAAG,QAAQ;;;IAC/C,6CAAiB,QAAQ,GAAG,MAAM,EAAgC;QAA3D,QAAQ;;;QAAR,QAAQ,WAAE,QAAQ,GAAG,MAAM;;;IAClC,8CAAkB,QAAQ,GAAG,MAAM,EAAgC;QAA5D,SAAS;;;QAAT,SAAS,WAAE,QAAQ,GAAG,MAAM;;;IACnC,0CAAc,MAAM,EAAM;QAAnB,KAAK;;;QAAL,KAAK,WAAE,MAAM;;;IACpB,8CAAkB,MAAM,EAAO;QAAxB,SAAS;;;QAAT,SAAS,WAAE,MAAM;;;IACxB,8CAAkB,aAAa,EAAE,GAAG,IAAI,EAAO;QAAxC,SAAS;;;QAAT,SAAS,WAAE,aAAa,EAAE,GAAG,IAAI;;;IACxC,2CAAe,OAAO,EAAQ;QAAvB,MAAM;;;QAAN,MAAM,WAAE,OAAO;;;IACtB,8CAAiC,YAAY,EAAsB;QAA7C,SAAS;;;QAAT,SAAS,WAAE,YAAY;;;IAC7C,OAAO,aAAa,cAAc,CAAwB;IAC1D,OAAO,YAAY,SAAS,CAAuB;IACnD,OAAO,yBAAyB,sBAAsB,CAQpD;IAGF,UAAU,CAAC,KAAK,EAAE,MAAM,EAAE,WAAW,EAAE,MAAM;;YAC3C,MAAM;;YAAN,MAAM,CA+BL,KAAK,CAAC,KAAK;YA/BZ,MAAM,CAgCL,MAAM,CAAC,EAAE;YAhCV,MAAM,CAiCL,cAAc,CAAC,SAAS,CAAC,MAAM;;;YAhC9B,IAAI,QAAC,KAAK;;YAAV,IAAI,CACD,SAAS,CAAC,IAAI,CAAC,YAAY,KAAK,WAAW,CAAC,CAAC,oHAAgC,CAAC,mHAA6B;YAD9G,IAAI,CAED,UAAU,CAAC,IAAI,CAAC,YAAY,KAAK,WAAW,CAAC,CAAC,CAAC,UAAU,CAAC,IAAI,CAAC,CAAC,CAAC,UAAU,CAAC,OAAO;YAFtF,IAAI,CAGD,QAAQ,CAAC,IAAI,CAAC,YAAY,KAAK,WAAW,CAAC,CAAC,oHAA2B,CAAC,mHAA0B;YAHrG,IAAI,CAID,OAAO,CAAC,GAAG,EAAE;gBACZ,kBAAU;oBACR,QAAQ,EAAE,GAAG;oBACb,KAAK,EAAE,KAAK,CAAC,IAAI;iBAClB,EAAE,GAAG,EAAE;oBACN,IAAI,CAAC,YAAY,GAAG,WAAW,CAAC;oBAChC,IAAI,CAAC,UAAU,CAAC,WAAW,CAAC,WAAW,CAAC,CAAC;gBAC3C,CAAC,CAAC,CAAC;YACL,CAAC;;QAZH,IAAI;;;YAcJ,IAAI,IAAI,CAAC,YAAY,KAAK,WAAW,EAAE;;;wBACrC,OAAO;;gCAMJ,SAAS,CAAC;4BACT,QAAQ,EAAE,GAAG;4BACb,KAAK,EAAE,KAAK,CAAC,IAAI;4BACjB,KAAK,EAAE,CAAC;4BACR,UAAU,EAAE,CAAC;4BACb,QAAQ,EAAE,QAAQ,CAAC,MAAM;yBAC1B;wBAZH,OAAO,CACJ,WAAW,CAAC,CAAC;wBADhB,OAAO,CAEJ,KAAK;wBAFR,OAAO,CAGJ,KAAK,CAAC,EAAE;wBAHX,OAAO,CAIJ,MAAM,CAAC,EAAE,GAAG,EAAE,CAAC,EAAE;wBAJpB,OAAO,CAKJ,KAAK,CAAC,EAAE,CAAC,EAAE,CAAC,EAAE,CAAC,EAAE,CAAC,EAAE;gCACpB,SAAS;;;aAOb;;;;aAAA;;;QA7BH,MAAM;KAkCP;IAED;;YACE,MAAM;;YAAN,MAAM,CAsIL,cAAc,CAAC,SAAS,CAAC,MAAM;YAtIhC,MAAM,CAuIL,mBAAmB,CAAC,EAAE,KAAK,EAAE,MAAM,EAAE,MAAM,EAAE,MAAM,EAAE;YAvItD,MAAM,CAwIL,YAAY;YAxIb,MAAM,CAyIL,MAAM,CAAC,MAAM;YAzId,MAAM,CA0IL,KAAK,CAAC,MAAM;YA1Ib,MAAM,CA2IL,QAAQ,CAAC,KAAK,IAAG,EAAE;gBAClB,IAAI;oBACF,MAAM,SAAS,GAAG,eAAe,CAAC,WAAW,EAAE,CAAA;oBAC/C,MAAM,GAAG,GAAG,MAAM,SAAS,CAAC,kBAAkB,CAAC,IAAI,EAAE,UAAU,EAAE,CAAC,EAAE,KAAK,CAAC,IAAI,MAAM,CAAA;oBACpF,IAAI,CAAC,aAAa,GAAG,MAAM,aAAa,CAAC,MAAM,CAAC,GAAG,CAAC,IAAI,KAAK,CAAC,QAAQ,CAAA;oBACtE,IAAI,CAAC,QAAQ,GAAG,MAAM,SAAS,CAAC,kBAAkB,CAAC,IAAI,EAAE,UAAU,EAAE,CAAC,EAAE,MAAM,CAAC,IAAI,MAAM,CAAA;oBACzF,IAAI,CAAC,SAAS,GAAG,MAAM,SAAS,CAAC,kBAAkB,CAAC,IAAI,EAAE,UAAU,EAAE,CAAC,EAAE,OAAO,CAAC,IAAI,MAAM,CAAA;oBAC3F,IAAI,CAAC,KAAK;wBACR,qCAAqC,IAAI,CAAC,SAAS,QAAQ,kBAAkB,CAAC,MAAM,SAAS,CAAC,kBAAkB,CAAC,IAAI,EACnH,UAAU,EAAE,CAAC,EAAE,KAAK,CAAC,IAAI,MAAM,CAAC,SAAS,kBAAkB,CAAC,IAAI,CAAC,QAAQ,CAAC,EAAE,CAAA;oBAChF,IAAI,IAAI,CAAC,QAAQ,CAAC,QAAQ,EAAE,KAAK,kHAA8B,QAAQ,EAAE,EAAE;wBACzE,IAAI,CAAC,SAAS,CAAC,SAAS,EAAE,CAAC,OAAO,CAAC,EAAE,GAAG,EAAE,aAAa,EAAE,CAAC,CAAC;qBAC5D;iBACF;gBAAA,OAAO,CAAC,EAAC;oBACR,OAAO,CAAC,KAAK,CAAC,MAAM,GAAC,CAAC,CAAC,CAAA;iBACxB;YACH,CAAC;;;YA1JC,UAAU,QAAC,IAAI,CAAC,SAAS;;YAAzB,UAAU,CAgIT,IAAI,CAAC,cAAc,CAAC,IAAI;YAhIzB,UAAU,CAiIT,eAAe;YAjIhB,UAAU,CAkIT,KAAK,CAAC,IAAI,CAAC,SAAS;;;YAjInB,IAAI,QAAC,EAAE,UAAU,EAAE,IAAI,CAAC,UAAU,EAAE;;YAApC,IAAI,CAgHH,QAAQ,CAAC,MAAM;YAhHhB,IAAI,CAiHH,SAAS,CAAC,EAAE;YAjHb,IAAI,CAkHH,QAAQ,CAAC,KAAK;YAlHf,IAAI,CAmHH,WAAW,CAAC,WAAW,CAAC,GAAG;YAnH5B,IAAI,CAoHH,mBAAmB,CAAC,SAAS,CAAC,oBAAoB;YApHnD,IAAI,CAqHH,UAAU,CAAC,IAAI;YArHhB,IAAI,CAsHH,OAAO,CAAC,OAAO,CAAC,KAAK;YAtHtB,IAAI,CAuHH,iBAAiB,CAAC,CAAC;YAvHpB,IAAI,CAwHH,eAAe;YAxHhB,IAAI,CAyHH,OAAO,CAAC,EAAE,WAAW,EAAE,KAAK,EAAE,KAAK,oHAA8B,EAAE;YAzHpE,IAAI,CA0HH,UAAU,CAAC,KAAK;YA1HjB,IAAI,CA2HH,QAAQ,CAAC,CAAC,KAAK,EAAE,EAAE;gBAClB,IAAI,CAAC,SAAS,GAAG,KAAK,KAAK,CAAC,CAAC,CAAC,CAAC,IAAI,CAAC,CAAC,CAAC,MAAM,CAAA;YAC9C,CAAC;;;;;oBA1HG,MAAM;;oBAAN,MAAM,CAsBJ,MAAM,CAAC,MAAM;oBAtBf,MAAM,CAuBL,KAAK,CAAC,MAAM;;;oBAtBX,IAAI,QAAC,EAAE,KAAK,EAAE,EAAE,EAAE,YAAY,EAAE,CAAC,EAAE;;oBAAnC,IAAI,CAmBF,MAAM,CAAC,MAAM;oBAnBf,IAAI,CAoBH,KAAK,CAAC,MAAM;;;oBAnBX,OAAO;;;;;;;;oCACL,QAAQ;;;;;;gCAAR,QAAQ,CASP,KAAK,CAAC,MAAM;gCATb,QAAQ,CAUP,eAAe;gCAVhB,QAAQ,CAWP,MAAM,CAAC,EAAE;gCAXV,QAAQ,CAYP,YAAY,CAAC,EAAE;gCAZhB,QAAQ,CAaP,OAAO,CAAC,GAAG,EAAE;oCACZ,IAAI,CAAC,SAAS,CAAC,QAAQ,CAAC,EAAE,IAAI,EAAE,cAAc,EAAE,KAAK,EAAE,SAAS,EAAE,CAAC,CAAC;gCACtE,CAAC;;;;;;oCAdC,GAAG;;oCAAH,GAAG,CAMD,KAAK,CAAC,MAAM;;;;;;;;;gGALZ,SAAS,OAAC,EAAE,QAAQ,EAAE,SAAS,CAAC,QAAQ,EAAE;;;;;;;mFAA9B,QAAQ,EAAE,SAAS,CAAC,QAAQ;;;;;;;oDAA5B,QAAQ,EAAE,SAAS,CAAC,QAAQ;;;;;;;gDAA5B,QAAQ,EAAE,SAAS,CAAC,QAAQ;;;;;;;;oCACxC,MAAM;;oCAAN,MAAM,CAGJ,KAAK,CAAC,GAAG;;;oCAFT,IAAI,QAAC,SAAS,CAAC,IAAI;;oCAAnB,IAAI,CAAiB,QAAQ,CAAC,EAAE;oCAAhC,IAAI,CAA8B,KAAK,CAAC,MAAM;;gCAA9C,IAAI;;oCACJ,IAAI,QAAC,SAAS,CAAC,aAAa;;oCAA5B,IAAI,CAA0B,QAAQ,CAAC,EAAE;oCAAzC,IAAI,CAAuC,SAAS,CAAC,SAAS,CAAC,KAAK;oCAApE,IAAI,CAAkE,KAAK,CAAC,MAAM;;gCAAlF,IAAI;gCAFN,MAAM;gCAFR,GAAG;gCADL,QAAQ;;;4BAAR,QAAQ;;;uDADF,IAAI,CAAC,SAAS;;gBAAtB,OAAO;gBADT,IAAI;gBADN,MAAM;;uBAyBN,MAAM;uBACP,QAAQ,CAAC,KAAK,IAAG,EAAE;gBAClB,SAAS;gBACT,MAAM,SAAS,GAAG,eAAe,CAAC,WAAW,EAAE,CAAA;gBAC/C,MAAM,OAAO,GAAI,MAAM,SAAS,CAAC,kBAAkB,CAAC,IAAI,EAAE,UAAU,EAAE,CAAC,EAAE,SAAS,CAAC,IAAI,MAAM,CAAA;gBAC7F,OAAO,CAAC,GAAG,CAAC,MAAM,GAAC,OAAO,CAAC,CAAA;gBAC3B,IAAI,CAAC,SAAS,GAAG,CAAC,MAAM,iBAAiB,CAAC,YAAY,CAAC,OAAO,CAAC,CAAC,CAAC,SAAS,CAAA;gBAC1E,IAAI,CAAC,SAAS,CAAC,OAAO,CAAC,OAAO,CAAC,EAAE;oBAC/B,OAAO,CAAC,GAAG,CAAC,MAAM,GAAC,IAAI,CAAC,SAAS,CAAC,OAAO,CAAC,CAAC,CAAA;gBAC7C,CAAC,CAAC,CAAC;YAEL,CAAC;;;;;;;oBAGC,MAAM;;oBAAN,MAAM,CAkEL,MAAM,CAAC,MAAM;;;oBAjEZ,MAAM;;oBAAN,MAAM,CAkDJ,KAAK,CAAC,MAAM;oBAlDd,MAAM,CAmDL,cAAc,CAAC,SAAS,CAAC,KAAK;;;oBAlD7B,GAAG;;oBAAH,GAAG,CAsCF,KAAK,CAAC,KAAK;oBAtCZ,GAAG,CAuCF,MAAM,CAAC,EAAE;oBAvCV,GAAG,CAwCF,eAAe;oBAxChB,GAAG,CAyCF,YAAY,CAAC;wBACZ,OAAO,EAAE,EAAE;wBACX,UAAU,EAAE,EAAE;wBACd,WAAW,EAAE,EAAE;wBACf,QAAQ,EAAE,EAAE;qBACb;oBA9CD,GAAG,CA+CF,OAAO,CAAC,EAAE,IAAI,EAAE,CAAC,EAAE,KAAK,EAAE,CAAC,EAAE;oBA/C9B,GAAG,CAgDF,MAAM,CAAC,MAAM;;;oBA/CZ,KAAK,QAAC,IAAI,CAAC,aAAa;;oBAAxB,KAAK,CACF,KAAK,CAAC,EAAE;oBADX,KAAK,CAEF,MAAM,CAAC,EAAE;oBAFZ,KAAK,CAGF,YAAY,CAAC,EAAE;oBAHlB,KAAK,CAIF,SAAS,CAAC,QAAQ,CAAC,KAAK;oBAJ3B,KAAK,CAKF,GAAG;oBALN,KAAK,CAMF,MAAM,CAAC,EAAE,IAAI,EAAE,GAAG,EAAE;;;oBAEvB,MAAM;;oBAAN,MAAM,CAOL,MAAM,CAAC,EAAE,IAAI,EAAE,EAAE,EAAE;;;oBANlB,IAAI,QAAC,IAAI,CAAC,QAAQ;;oBAAlB,IAAI,CACD,QAAQ,CAAC,EAAE;oBADd,IAAI,CAED,SAAS,CAAC,SAAS,CAAC,MAAM;;gBAF7B,IAAI;;oBAGJ,IAAI,QAAC,IAAI,CAAC,SAAS;;oBAAnB,IAAI,CACD,QAAQ,CAAC,EAAE;;gBADd,IAAI;gBAJN,MAAM;;oBASN,KAAK;;oBAAL,KAAK,CAAG,YAAY,CAAC,CAAC;;gBAAtB,KAAK;;oBACL,MAAM,iBAAC,IAAI,EAAE,EAAE,WAAW,EAAE,eAAe,CAAC,MAAM,EAAE,IAAI,EAAE,UAAU,CAAC,KAAK,EAAE;;oBAA5E,MAAM,CACH,QAAQ,CAAC,EAAE;oBADd,MAAM,CAEH,OAAO,CAAC,KAAK,IAAI,EAAE;wBAElB,MAAM,SAAS,GAAG,eAAe,CAAC,WAAW,EAAE,CAAA;wBAC/C,IAAI;4BACF,MAAM,SAAS,CAAC,kBAAkB,EAAE,CAAA;yBACrC;wBAAC,OAAO,KAAK,EAAE;4BACd,OAAO,CAAC,KAAK,CAAC,MAAM,CAAC,CAAA;yBACtB;wBACD,IAAI,CAAC,QAAQ,oHAAgC,CAAA;wBAC7C,IAAI,CAAC,SAAS,oHAAgC,CAAA;wBAC9C,IAAI,CAAC,aAAa,oHAA6B,CAAA;wBAC/C,IAAI,CAAC,SAAS,CAAC,SAAS,EAAE,CAAC,UAAU,CAAC,EAAE,GAAG,EAAE,iBAAiB,EAAE,CAAC,CAAC;oBACpE,CAAC;oBAdH,MAAM,CAeH,MAAM,CAAC,EAAE,KAAK,EAAE,EAAE,EAAE;oBAfvB,MAAM,CAgBH,MAAM,CAAC,EAAE;oBAhBZ,MAAM,CAiBH,YAAY,CAAC,EAAE;;gBAjBlB,MAAM;gBAnBR,GAAG;gBADL,MAAM;;oBAqDN,GAAG;;oBAAH,GAAG,CAQF,OAAO,CAAC,GAAG,EAAE;wBACZ,IAAI,CAAC,sBAAsB,CAAC,IAAI,EAAE,CAAA;oBACpC,CAAC;;;oBATC,MAAM;;;;oBACJ,MAAM;;oBAAN,MAAM,CAGJ,MAAM,CAAC,EAAE;oBAHX,MAAM,CAGO,KAAK,CAAC,EAAE;oBAHrB,MAAM,CAGiB,cAAc,CAAC,SAAS,CAAC,MAAM;oBAHtD,MAAM,CAGkD,UAAU,CAAC,eAAe,CAAC,MAAM;;;oBAFvF,KAAK;;oBAAL,KAAK,CACF,MAAM,CAAC,EAAE;oBADZ,KAAK,CACS,KAAK,CAAC,EAAE;;gBAFxB,MAAM;gBADR,MAAM;gBADR,GAAG;gBAtDL,MAAM;;uBAmEN,MAAM;;;;QA7GV,IAAI;QADN,UAAU;QADZ,MAAM;KA4JP","entry-package-info":"entry|1.0.0"}}
{"key": "entry|entry|1.0.0|src/main/ets/pages/LoginPage.ts", "val": {"version":3,"file":"LoginPage.ets","sourceRoot":"","sources":["entry/src/main/ets/pages/LoginPage.ets"],"names":[],"mappings":";;;;IASS,QAAQ,GAAE,MAAM;IAChB,QAAQ,GAAE,MAAM;IAChB,WAAW,GAAE,OAAO;IACpB,kBAAkB,GAAE,MAAM;IAC1B,kBAAkB,GAAE,MAAM;IAC1B,aAAa,GAAE,MAAM;IACrB,aAAa,GAAE,MAAM;;OAfrB,YAAY;OAAE,MAAM;OACtB,EAAE,eAAe,EAAY;cAAV,QAAQ;OAC3B,EAAE,aAAa,EAAE;OACjB,EAAE,aAAa,EAAE;OACf,IAAI;MAIN,KAAK;IAFZ;;;;;uDAG4B,EAAE;uDACF,EAAE;0DACE,KAAK;iEACC,EAAE;iEACF,EAAE;4DACP,GAAG;4DACH,GAAG;;;KAXF;;;;;;;;;;;;;;;;;;;;;;;;;;;;;;;;;;;;;;;;;;;;;;IAKhC,6CAAiB,MAAM,EAAM;QAAtB,QAAQ;;;QAAR,QAAQ,WAAE,MAAM;;;IACvB,6CAAiB,MAAM,EAAM;QAAtB,QAAQ;;;QAAR,QAAQ,WAAE,MAAM;;;IACvB,gDAAoB,OAAO,EAAQ;QAA5B,WAAW;;;QAAX,WAAW,WAAE,OAAO;;;IAC3B,uDAA2B,MAAM,EAAK;QAA/B,kBAAkB;;;QAAlB,kBAAkB,WAAE,MAAM;;;IACjC,uDAA2B,MAAM,EAAK;QAA/B,kBAAkB;;;QAAlB,kBAAkB,WAAE,MAAM;;;IACjC,kDAAsB,MAAM,EAAM;QAA3B,aAAa;;;QAAb,aAAa,WAAE,MAAM;;;IAC5B,kDAAsB,MAAM,EAAM;QAA3B,aAAa;;;QAAb,aAAa,WAAE,MAAM;;;IAE5B;;YACE,MAAM;;YAAN,MAAM,CAwML,KAAK,CAAC,MAAM;YAxMb,MAAM,CAyML,MAAM,CAAC,MAAM;YAzMd,MAAM,CA0ML,cAAc,CAAC,SAAS,CAAC,MAAM;;;YAzM9B,IAAI,QAAC,WAAW;;YAAhB,IAAI,CACD,MAAM,CAAC,EAAE,GAAG,EAAE,EAAE,EAAE,MAAM,EAAE,EAAE,EAAE;YADjC,IAAI,CAED,QAAQ,CAAC,EAAE;YAFd,IAAI,CAGD,SAAS,CAAC,SAAS,CAAC,MAAM;;QAH7B,IAAI;;YAIJ,IAAI,QAAC,KAAK;;YAAV,IAAI,CACD,QAAQ,CAAC,EAAE;YADd,IAAI,CAED,MAAM,CAAC,EAAE;YAFZ,IAAI,CAGD,KAAK,CAAC,KAAK;YAHd,IAAI,CAID,SAAS,CAAC,SAAS,CAAC,KAAK;YAJ5B,IAAI,CAKD,SAAS,CAAC,EAAE,CAAC,EAAE,IAAI,CAAC,kBAAkB,EAAE;YAL3C,IAAI,CAMD,KAAK,CAAC,EAAE,CAAC,EAAE,IAAI,CAAC,aAAa,EAAE,CAAC,EAAE,IAAI,CAAC,aAAa,EAAE;;QANzD,IAAI;;YAOJ,SAAS,QAAC,EAAE,WAAW,EAAE,EAAE,EAAE,IAAI,EAAE,IAAI,CAAC,QAAQ,EAAE;;YAAlD,SAAS,CACN,IAAI,CAAC,SAAS,CAAC,MAAM;YADxB,SAAS,CAEN,QAAQ,CAAC,CAAC,KAAK,EAAE,MAAM,EAAE,EAAE;gBAC1B,IAAI,CAAC,QAAQ,GAAG,KAAK,CAAC;gBACtB,IAAI,IAAI,CAAC,QAAQ;oBACf,kBAAU;wBACR,QAAQ,EAAE,GAAG;wBACb,KAAK,EAAE,QAAQ;qBAChB,EAAE,GAAG,EAAE;wBACN,IAAI,CAAC,kBAAkB,GAAG,CAAC,CAAA;wBAC3B,IAAI,CAAC,aAAa,GAAG,CAAC,CAAA;oBACxB,CAAC,CAAC,CAAA;gBACJ,IAAI,IAAI,CAAC,QAAQ,IAAI,IAAI,CAAC,QAAQ,EAAE;oBAClC,IAAI,CAAC,WAAW,GAAG,IAAI,CAAA;iBACxB;YACH,CAAC;YAfH,SAAS,CAgBN,OAAO,CAAC,GAAG,EAAE;gBACZ,kBAAU;oBACR,QAAQ,EAAE,GAAG;oBACb,KAAK,EAAE,QAAQ;iBAChB,EAAE,GAAG,EAAE;oBACN,IAAI,CAAC,kBAAkB,GAAG,CAAC,CAAA;oBAC3B,IAAI,CAAC,aAAa,GAAG,CAAC,CAAA;gBACxB,CAAC,CAAC,CAAA;YACJ,CAAC;YAxBH,SAAS,CAyBN,MAAM,CAAC,GAAG,EAAE;gBACX,IAAI,CAAC,IAAI,CAAC,QAAQ,EAAE;oBAClB,kBAAU;wBACR,QAAQ,EAAE,GAAG;wBACb,KAAK,EAAE,QAAQ;qBAChB,EAAE,GAAG,EAAE;wBACN,IAAI,CAAC,kBAAkB,GAAG,EAAE,CAAA;wBAC5B,IAAI,CAAC,aAAa,GAAG,GAAG,CAAA;oBAC1B,CAAC,CAAC,CAAA;iBACH;YACH,CAAC;YAnCH,SAAS,CAoCN,eAAe,CAAC,EAAE,IAAI,EAAE,EAAE,EAAE;YApC/B,SAAS,CAqCN,MAAM,CAAC,EAAE;YArCZ,SAAS,CAsCN,KAAK,CAAC,KAAK;YAtCd,SAAS,CAuCN,eAAe,CAAC,KAAK,CAAC,WAAW;YAvCpC,SAAS,CAwCN,MAAM,CAAC;gBACN,OAAO;gBACP,KAAK,EAAE;oBACL,gBAAgB;oBAChB,GAAG,EAAE,CAAC;oBACN,KAAK,EAAE,CAAC;oBACR,MAAM,EAAE,CAAC;oBACT,IAAI,EAAE,CAAC;iBACR;gBACD,KAAK,EAAE;oBACL,SAAS;oBACT,GAAG,EAAE,KAAK,CAAC,WAAW;oBACtB,KAAK,EAAE,KAAK,CAAC,WAAW;oBACxB,MAAM,EAAE,KAAK,CAAC,IAAI;oBAClB,IAAI,EAAE,KAAK,CAAC,WAAW;iBACxB;gBACD,KAAK,EAAE,WAAW,CAAC,KAAK,CAAC,OAAO;;gBAEhC,MAAM,EAAE,CAAC;aACV;YA3DH,SAAS,CA4DN,MAAM,CAAC,EAAE,MAAM,EAAE,EAAE,EAAE;;;YACxB,IAAI,QAAC,IAAI;;YAAT,IAAI,CACD,QAAQ,CAAC,EAAE;YADd,IAAI,CAED,MAAM,CAAC,EAAE;YAFZ,IAAI,CAGD,KAAK,CAAC,KAAK;YAHd,IAAI,CAID,SAAS,CAAC,SAAS,CAAC,KAAK;YAJ5B,IAAI,CAKD,SAAS,CAAC,EAAE,CAAC,EAAE,IAAI,CAAC,kBAAkB,EAAE;YAL3C,IAAI,CAMD,KAAK,CAAC,EAAE,CAAC,EAAE,IAAI,CAAC,aAAa,EAAE,CAAC,EAAE,IAAI,CAAC,aAAa,EAAE;;QANzD,IAAI;;YAOJ,SAAS,QAAC,EAAE,WAAW,EAAE,EAAE,EAAE,IAAI,EAAE,IAAI,CAAC,QAAQ,EAAE;;YAAlD,SAAS,CACN,IAAI,CAAC,SAAS,CAAC,QAAQ;YAD1B,SAAS,CAEN,QAAQ,CAAC,CAAC,KAAK,EAAE,MAAM,EAAE,EAAE;gBAC1B,IAAI,CAAC,QAAQ,GAAG,KAAK,CAAC;gBACtB,IAAG,IAAI,CAAC,QAAQ;oBACd,kBAAU;wBACR,QAAQ,EAAE,GAAG;wBACb,KAAK,EAAE,QAAQ;qBAChB,EAAE,GAAG,EAAE;wBACN,IAAI,CAAC,kBAAkB,GAAG,CAAC,CAAA;wBAC3B,IAAI,CAAC,aAAa,GAAG,CAAC,CAAA;oBACxB,CAAC,CAAC,CAAA;gBACJ,IAAI,IAAI,CAAC,QAAQ,IAAI,IAAI,CAAC,QAAQ,EAAE;oBAClC,IAAI,CAAC,WAAW,GAAG,IAAI,CAAA;iBACxB;YACH,CAAC;YAfH,SAAS,CAgBN,OAAO,CAAC,GAAG,EAAE;gBACZ,kBAAU;oBACR,QAAQ,EAAE,GAAG;oBACb,KAAK,EAAE,QAAQ;iBAChB,EAAE,GAAG,EAAE;oBACN,IAAI,CAAC,kBAAkB,GAAG,CAAC,CAAA;oBAC3B,IAAI,CAAC,aAAa,GAAG,CAAC,CAAA;gBACxB,CAAC,CAAC,CAAA;YACJ,CAAC;YAxBH,SAAS,CAyBN,MAAM,CAAC,GAAE,EAAE;gBACV,IAAI,CAAC,IAAI,CAAC,QAAQ,EAAE;oBAClB,kBAAU;wBACR,QAAQ,EAAE,GAAG;wBACb,KAAK,EAAE,QAAQ;qBAChB,EAAC,GAAE,EAAE;wBACJ,IAAI,CAAC,kBAAkB,GAAG,EAAE,CAAA;wBAC5B,IAAI,CAAC,aAAa,GAAG,GAAG,CAAA;oBAC1B,CAAC,CAAC,CAAA;iBACH;YACH,CAAC;YAnCH,SAAS,CAoCN,eAAe,CAAC,EAAE,IAAI,EAAE,EAAE,EAAE;YApC/B,SAAS,CAqCN,MAAM,CAAC,EAAE;YArCZ,SAAS,CAsCN,KAAK,CAAC,KAAK;YAtCd,SAAS,CAuCN,eAAe,CAAC,KAAK,CAAC,WAAW;YAvCpC,SAAS,CAwCN,MAAM,CAAC;gBACN,OAAO;gBACP,KAAK,EAAE;oBACL,gBAAgB;oBAChB,GAAG,EAAE,CAAC;oBACN,KAAK,EAAE,CAAC;oBACR,MAAM,EAAE,CAAC;oBACT,IAAI,EAAE,CAAC;iBACR;gBACD,KAAK,EAAE;oBACL,SAAS;oBACT,GAAG,EAAE,KAAK,CAAC,WAAW;oBACtB,KAAK,EAAE,KAAK,CAAC,WAAW;oBACxB,MAAM,EAAE,KAAK,CAAC,IAAI;oBAClB,IAAI,EAAE,KAAK,CAAC,WAAW;iBACxB;gBACD,KAAK,EAAE,WAAW,CAAC,KAAK,CAAC,OAAO;;gBAEhC,MAAM,EAAE,CAAC;aACV;YA3DH,SAAS,CA4DN,MAAM,CAAC,EAAE,MAAM,EAAE,EAAE,EAAE;;;YACxB,MAAM,iBAAC,IAAI;;YAAX,MAAM,CACH,OAAO,CAAC,IAAI,CAAC,WAAW;YAD3B,MAAM,CAEH,KAAK,CAAC,KAAK;YAFd,MAAM,CAGH,MAAM,CAAC,EAAE;YAHZ,MAAM,CAIH,OAAO,CAAC,KAAK,IAAI,EAAE;gBAClB,IAAI,CAAC,WAAW,GAAG,KAAK,CAAA;gBACxB,MAAM,KAAK,GAAG,aAAa,CAAC,YAAY,CAAC,IAAI,CAAC,QAAQ,CAAC,CAAA;gBACvD,MAAM,GAAG,GAAG,aAAa,CAAC,YAAY,CAAC,IAAI,CAAC,QAAQ,CAAC,CAAA;gBACrD,MAAM,MAAM,GAAG,MAAM,CAAC,aAAa,CAAC,aAAa,CAAC,aAAa,CAAC,YAAY,CAAC,KAAK,EAAE,GAAG,CAAC,CAAC,CAAC,CAAA;gBAC1F,IAAI,MAAM,EAAE;oBACV,MAAM,OAAO,GAAG,MAAM,CAAA;oBACtB,MAAM,IAAI,GAAG,MAAM,aAAa,CAAC,WAAW,CAAC,OAAO,CAAC,CAAA;oBACrD,IAAI;wBACF,MAAM,SAAS,GAAG,eAAe,CAAC,WAAW,EAAE,CAAA;wBAC/C,MAAM,QAAQ,EAAE,QAAQ,GAAG;4BACzB,KAAK,EAAE,IAAI,CAAC,QAAQ;4BACpB,GAAG,EAAE,GAAG;4BACR,IAAI,EAAE,IAAI,CAAC,KAAK;4BAChB,GAAG,EAAE,IAAI,CAAC,GAAG;4BACb,OAAO,EAAE,OAAO;4BAChB,GAAG,EAAE,IAAI,CAAC,GAAG;4BACb,GAAG,EAAE,IAAI,CAAC,GAAG;yBACd,CAAC;wBACF,OAAO,CAAC,GAAG,CAAC,MAAM,GAAC,IAAI,CAAC,SAAS,CAAC,QAAQ,CAAC,CAAC,CAAA;wBAC5C,MAAM,SAAS,CAAC,UAAU,CAAC,QAAQ,CAAC,CAAA;wBACpC,IAAI,CAAC,QAAQ,GAAG,EAAE,CAAA;wBAClB,IAAI,CAAC,QAAQ,GAAG,EAAE,CAAA;wBAClB,YAAY,CAAC,SAAS,CAAC,EAAE,OAAO,EAAE,MAAM,EAAE,QAAQ,EAAE,IAAI,EAAE,CAAC,CAAA;wBAC3D,MAAM,CAAC,UAAU,CAAC;4BAChB,GAAG,EAAE,aAAa,CAAC,WAAW;yBAC/B,CAAC,CAAA;qBACH;oBAAC,OAAO,CAAC,EAAE;wBACV,IAAI,CAAC,QAAQ,GAAG,EAAE,CAAC;wBACnB,IAAI,CAAC,QAAQ,GAAG,EAAE,CAAC;wBACnB,IAAI,CAAC,YAAY,KAAK,EAAE;4BACtB,IAAI,CAAC,CAAC,OAAO,CAAC,QAAQ,CAAC,QAAQ,CAAC,EAAE;gCAChC,YAAY,CAAC,SAAS,CAAC,EAAE,OAAO,EAAE,eAAe,EAAE,QAAQ,EAAE,IAAI,EAAE,CAAC,CAAA;6BACrE;iCAAM;gCACL,YAAY,CAAC,SAAS,CAAC;oCACrB,OAAO,EAAE,UAAU;wCACjB,CAAC,CAAC,CAAC,OAAO,CAAC,QAAQ,CAAC,iBAAiB,CAAC,CAAC,CAAC,CAAC,UAAU,CAAC,CAAC,CAAC,EAAE,CAAC;oCAC3D,QAAQ,EAAE,IAAI;iCACf,CAAC,CAAA;6BACH;4BACD,OAAM;yBACP;qBACF;iBACF;qBAAM;oBACL,YAAY,CAAC,SAAS,CAAC;wBACrB,OAAO,EAAE,MAAM;wBACf,QAAQ,EAAE,IAAI;wBACd,MAAM,EAAE,KAAK,CAAC,8BAA8B;qBAC7C,CAAC,CAAC;oBACH,IAAI,CAAC,QAAQ,GAAG,EAAE,CAAC;oBACnB,IAAI,CAAC,QAAQ,GAAG,EAAE,CAAC;iBACpB;YACH,CAAC;YAxDH,MAAM,CAyDH,MAAM,CAAC,EAAE,MAAM,EAAE,EAAE,EAAE;;QAzDxB,MAAM;QA7IR,MAAM;KA2MP","entry-package-info":"entry|1.0.0"}}
{"key": "entry|entry|1.0.0|src/main/ets/utils/classFun.ts", "val": {"version":3,"file":"classFun.ets","sourceRoot":"","sources":["entry/src/main/ets/utils/classFun.ets"],"names":[],"mappings":"OAAS,IAAI;OAEN,EAAE,aAAa,EAAE;AAExB,MAAM,OAAO,iBAAiB;IAC5B,MAAM,CAAC,QAAQ,CAAC,mBAAmB,GAAG,+DAA+D,CAAA;IACrG,MAAM,CAAC,QAAQ,CAAC,qBAAqB,GACnC,iGAAiG,CAAA;IACnG,MAAM,CAAC,QAAQ,CAAC,EAAE,GAChB,+HAA+H,CAAA;IAEjI;;;;OAIG;IACH,MAAM,CAAC,KAAK,CAAC,YAAY,CAAC,OAAO,EAAE,MAAM,GAAG,OAAO,CAAC,UAAU,CAAC;QAC7D,MAAM,WAAW,GAAG,IAAI,CAAC,UAAU,EAAE,CAAC;QACtC,IAAI;YACF,MAAM,MAAM,GAAG,MAAM,WAAW,CAAC,OAAO,CAAC,iBAAiB,CAAC,mBAAmB,EAAE;gBAC9E,MAAM,EAAE,IAAI,CAAC,aAAa,CAAC,GAAG;gBAC9B,MAAM,EAAE;oBACN,QAAQ,EAAE,OAAO;oBACjB,YAAY,EAAE,iBAAiB,CAAC,EAAE;iBACnC;aACF,CAAC,CAAA;YACF,MAAM,kBAAkB,GAAG,IAAI,CAAC,KAAK,CAAC,MAAM,CAAC,MAAM,CAAC,QAAQ,EAAE,CAAC,IAAI,kBAAkB,CAAA;YACrF,IAAI,kBAAkB,CAAC,GAAG,KAAK,MAAM,EAAE;gBACrC,MAAM,UAAU,GAAG,kBAAkB,CAAC,WAAW,CAAA;gBACjD,MAAM,MAAM,EAAE,aAAa,EAAE,GAAG,EAAE,CAAC;gBAEnC,UAAU,CAAC,OAAO,CAAC,IAAI,CAAC,EAAE;oBACxB,gCAAgC;oBAChC,IAAI,IAAI,CAAC,OAAO,IAAI,IAAI,CAAC,OAAO,CAAC,MAAM,IAAI,IAAI,CAAC,OAAO,CAAC,MAAM,CAAC,IAAI,EAAE;wBACnE,IAAI,CAAC,OAAO,CAAC,MAAM,CAAC,IAAI,CAAC,OAAO,CAAC,MAAM,CAAC,EAAE;4BACxC,MAAM,CAAC,IAAI,CAAC;gCACV,QAAQ,EAAE,MAAM,CAAC,QAAQ;gCACzB,EAAE,EAAE,MAAM,CAAC,EAAE;gCACb,aAAa,EAAE,MAAM,CAAC,aAAa;gCACnC,OAAO,EAAE,IAAI,CAAC,OAAO,CAAC,EAAE;gCACxB,IAAI,EAAE,MAAM,CAAC,IAAI;6BAClB,CAAC,CAAC;wBACL,CAAC,CAAC,CAAC;qBACJ;gBACH,CAAC,CAAC,CAAC;gBAEH,OAAO,EAAE,GAAG,EAAE,IAAI,EAAE,SAAS,EAAE,MAAM,EAAE,CAAC;aACzC;SACF;QAAC,MAAM;SACP;gBAAS;YACR,WAAW,CAAC,OAAO,EAAE,CAAA;SACtB;QACD,OAAO;YACL,GAAG,EAAE,KAAK;YACV,SAAS,EACT;gBACE;oBACE,QAAQ,EAAE,EAAE;oBACZ,EAAE,EAAE,CAAC;oBACL,aAAa,EAAE,EAAE;oBACjB,OAAO,EAAE,CAAC;oBACV,IAAI,EAAE,EAAE;iBACT;aACF;SACF,CAAA;IACH,CAAC;IAED,MAAM,CAAC,KAAK,CAAC,WAAW,CAAC,OAAO,EAAE,MAAM,EAAE,OAAO,EAAE,MAAM,EAAE,QAAQ,EAAE,MAAM,GAAG,OAAO,CAAC,YAAY,EAAE,GAAC,IAAI,CAAC;QACxG,MAAM,WAAW,GAAG,IAAI,CAAC,UAAU,EAAE,CAAC;QACtC,IAAI;YACF,MAAM,MAAM,GAAG,MAAM,WAAW,CAAC,OAAO,CAAC,aAAa,CAAC,QAAQ,CAAC,iBAAiB,CAAC,mBAAmB,EACnG;gBACE,SAAS,EAAE,OAAO;gBAClB,UAAU,EAAE,QAAQ;aACrB,CAAC,EACF;gBACE,MAAM,EAAE,IAAI,CAAC,aAAa,CAAC,GAAG;gBAC9B,MAAM,EAAE;oBACN,QAAQ,EAAE,OAAO;oBACjB,YAAY,EAAE,iBAAiB,CAAC,EAAE;iBACnC;aACF,CAAC,CAAA;YACJ,MAAM,eAAe,GAAG,IAAI,CAAC,KAAK,CAAC,MAAM,CAAC,MAAM,CAAC,QAAQ,EAAE,CAAC,IAAI,MAAM,CAAA;YACtE,MAAM,YAAY,GAAG,eAAe,EAAE,CAAC,MAAM,CAAC,EAAE,CAAC,YAAY,CAAC,IAAI,YAAY,EAAE,CAAA;YAChF,OAAO,YAAY,CAAA;SACpB;QAAC,OAAO,KAAK,EAAE;YACd,OAAO,CAAC,KAAK,CAAC,OAAO,GAAC,KAAK,CAAC,CAAA;YAC5B,OAAO,IAAI,CAAA;SACZ;gBAAQ;YACP,WAAW,CAAC,OAAO,EAAE,CAAA;SACtB;IACH,CAAC;CACF;AAED,MAAM,WAAW,YAAY;IAC3B,sBAAsB;IACtB,OAAO,EAAE,MAAM,CAAC;IAEhB,+BAA+B;IAC/B,IAAI,EAAE,MAAM,CAAC;IAEb,8BAA8B;IAC9B,OAAO,EAAE,MAAM,CAAC;IAEhB,gCAAgC;IAChC,SAAS,EAAE,MAAM,CAAC;IAElB,sBAAsB;IACtB,EAAE,EAAE,MAAM,CAAC;IAEX,gCAAgC;IAChC,OAAO,EAAE,MAAM,CAAC;CACjB;AACD,MAAM,WAAW,aAAa;IAC5B,QAAQ,EAAE,MAAM,CAAC;IACjB,EAAE,EAAE,MAAM,CAAC,CAAC,OAAO;IACnB,aAAa,EAAE,MAAM,CAAC;IACtB,OAAO,EAAE,MAAM,CAAC,CAAC,OAAO;IACxB,IAAI,EAAE,MAAM,CAAC;CACd;AAGD,WAAW;AACX,MAAM,WAAW,aAAa;IAC5B,WAAW;IACX,MAAM,EAAE,MAAM,CAAC;IAEf,WAAW;IACX,EAAE,EAAE,MAAM,CAAC;IAEX,cAAc;IACd,GAAG,EAAE,MAAM,GAAG,MAAM,CAAC;IAErB,aAAa;IACb,OAAO,EAAE,aAAa,CAAC;IAEvB,WAAW;IACX,OAAO,EAAE,MAAM,CAAC;CACjB;AAED,YAAY;AACZ,MAAM,WAAW,aAAa;IAC5B,WAAW;IACX,IAAI,EAAE,MAAM,CAAC;IAEb,WAAW;IACX,MAAM,EAAE,IAAI,CAAC;IAEb,WAAW;IACX,EAAE,EAAE,MAAM,CAAC;CACZ;AAED,WAAW;AACX,MAAM,WAAW,UAAU;IACzB,WAAW;IACX,EAAE,EAAE,MAAM,CAAC;IAEX,WAAW;IACX,IAAI,EAAE,MAAM,CAAC;IAEb,WAAW;IACX,aAAa,EAAE,MAAM,CAAC;IAEtB,YAAY;IACZ,UAAU,EAAE,MAAM,CAAC;IAEnB,cAAc;IACd,QAAQ,EAAE,MAAM,CAAC;IAEjB,WAAW;IACX,WAAW,EAAE,MAAM,CAAC;CACrB;AAED,WAAW;AACX,MAAM,WAAW,kBAAkB;IACjC,gBAAgB;IAChB,MAAM,EAAE,MAAM,CAAC;IAEf,WAAW;IACX,GAAG,EAAE,MAAM,CAAC;IAEZ,aAAa;IACb,WAAW,EAAE,aAAa,EAAE,CAAC;IAE7B,aAAa;IACb,gBAAgB,EAAE,MAAM,CAAC;IAEzB,aAAa;IACb,aAAa,EAAE,MAAM,CAAC;IAEtB,aAAa;IACb,YAAY,EAAE,MAAM,CAAC;CACtB;AAED,MAAM,WAAW,IAAI;IACnB,IAAI,EAAE,UAAU,EAAE,CAAA;CACnB;AAED,MAAM,WAAW,UAAU;IACzB,GAAG,EAAE,OAAO,CAAC;IACb,SAAS,EAAE,aAAa,EAAE,CAAC;CAC5B","entry-package-info":"entry|1.0.0"}}
{"key": "entry|entry|1.0.0|src/main/ets/utils/DataBase.ts", "val": {"version":3,"file":"DataBase.ets","sourceRoot":"","sources":["entry/src/main/ets/utils/DataBase.ets"],"names":[],"mappings":"OAAO,eAAe;YACf,MAAM;cACJ,aAAa;OACb,KAAK;AAEd,UAAU,QAAQ;IAChB,KAAK,EAAE,MAAM,CAAC;IACd,GAAG,EAAE,MAAM,CAAC;IACZ,IAAI,EAAE,MAAM,CAAC;IACb,GAAG,EAAE,MAAM,CAAC;IACZ,OAAO,EAAE,MAAM,CAAC;IAChB,GAAG,EAAE,MAAM,CAAC;IACZ,GAAG,EAAE,MAAM,CAAC;CACb;AAED,UAAU,aAAa;IACrB,EAAE,EAAE,MAAM,CAAC;IACX,KAAK,EAAE,MAAM,CAAC;IACd,IAAI,EAAE,MAAM,CAAC;IACb,QAAQ,EAAE,MAAM,CAAC;CAClB;AAED,UAAU,OAAO;IACf,IAAI,EAAE,aAAa,CAAC;IACpB,KAAK,EAAE,aAAa,EAAE,CAAA;CACvB;AAED,MAAM,eAAe;IACnB,OAAO,CAAC,MAAM,CAAC,QAAQ,EAAE,eAAe,GAAG,IAAI,GAAG,IAAI,CAAC;IACvD,OAAO,CAAC,QAAQ,EAAE,eAAe,CAAC,QAAQ,GAAG,IAAI,GAAG,IAAI,CAAC;IAEzD,OAAO;IACP,CAAC;IAED,MAAM,CAAC,MAAM,CAAC,WAAW,IAAI,eAAe;QAC1C,IAAI,eAAe,CAAC,QAAQ,KAAK,IAAI,EAAE;YACrC,eAAe,CAAC,QAAQ,GAAG,IAAI,eAAe,EAAE,CAAC;SAClD;QACD,OAAO,eAAe,CAAC,QAAQ,CAAC;IAClC,CAAC;IAED,MAAM,CAAC,aAAa,IAAI,OAAO;QAC7B,OAAO,IAAI,CAAC,QAAQ,KAAK,IAAI,CAAC;IAChC,CAAC;IAED,KAAK,CAAC,IAAI,CAAC,OAAO,EAAE,MAAM,CAAC,gBAAgB,GAAG,OAAO,CAAC,IAAI,CAAC;QACzD,IAAI,IAAI,CAAC,QAAQ,KAAK,IAAI,EAAE;YAC1B,OAAO;SACR;QAED,MAAM,YAAY,EAAE,eAAe,CAAC,WAAW,GAAG;YAChD,IAAI,EAAE,SAAS;YACf,aAAa,EAAE,eAAe,CAAC,aAAa,CAAC,EAAE;SAChD,CAAC;QAEF,IAAI;YACF,IAAI,CAAC,QAAQ,GAAG,MAAM,eAAe,CAAC,WAAW,CAAC,OAAO,EAAE,YAAY,CAAC,CAAC;YACzE,MAAM,IAAI,CAAC,YAAY,EAAE,CAAC;SAC3B;QAAC,OAAO,GAAG,EAAE;YACZ,MAAM,KAAK,GAAG,GAAG,IAAI,aAAa,CAAC;YACnC,OAAO,CAAC,KAAK,CAAC,iCAAiC,KAAK,CAAC,IAAI,cAAc,KAAK,CAAC,OAAO,EAAE,CAAC,CAAC;SACzF;IACH,CAAC;IAED;;;;;OAKG;IACH,MAAM,CAAC,KAAK,CAAC,mBAAmB,CAAC,EAAE,EAAE,MAAM,GAAC,CAAC,GAAG,OAAO,CAAC,QAAQ,CAAC;QAC/D,IAAI,OAAO,EAAE,KAAK,QAAQ,IAAI,EAAE,IAAI,CAAC,EAAE;YACrC,MAAM,IAAI,KAAK,CAAC,UAAU,EAAE,UAAU,CAAC,CAAC;SACzC;QACC,IAAI,SAAS,GAAC,EAAE,CAAA;QAElB,aAAa;QACb,IAAI,CAAC,IAAI,CAAC,QAAQ,EAAE;YAClB,MAAM,IAAI,KAAK,CAAC,uBAAuB,CAAC,CAAC;SAC1C;QAED,IAAI;YACF,+BAA+B;YAC/B,MAAM,GAAG,GAAG;;;qBAGG,CAAC,EAAE,CAAC;OAClB,CAAC;YAEF,UAAU;YACV,MAAM,SAAS,GAAG,MAAM,IAAI,CAAC,QAAQ,CAAC,QAAQ,CAAC,GAAG,CAAC,CAAC;YAEpD,IAAI;gBACF,OAAO,CAAC,KAAK,CAAC,OAAO,GAAC,SAAS,CAAC,QAAQ,CAAC,CAAA;gBACzC,YAAY;gBACZ,IAAI,SAAS,CAAC,QAAQ,IAAI,CAAC,EAAE;oBAC3B,IAAI;wBACF,SAAS,CAAC,YAAY,EAAE,CAAC;qBAC1B;oBAAC,OAAO,KAAK,EAAE;wBACd,OAAO,CAAC,KAAK,CAAC,8BAA8B,GAAC,KAAK,CAAC,CAAA;qBACpD;oBACD,SAAS;oBACT,MAAM,UAAU,GAAG,SAAS,CAAC,cAAc,CAAC,OAAO,CAAC,CAAC;oBACrD,MAAM,QAAQ,GAAG,SAAS,CAAC,cAAc,CAAC,KAAK,CAAC,CAAC;oBACjD,MAAM,SAAS,GAAG,SAAS,CAAC,cAAc,CAAC,MAAM,CAAC,CAAC;oBACnD,MAAM,QAAQ,GAAG,SAAS,CAAC,cAAc,CAAC,KAAK,CAAC,CAAC;oBACjD,MAAM,YAAY,GAAG,SAAS,CAAC,cAAc,CAAC,SAAS,CAAC,CAAC;oBACzD,MAAM,QAAQ,GAAG,SAAS,CAAC,cAAc,CAAC,KAAK,CAAC,CAAC;oBACjD,MAAM,QAAQ,GAAG,SAAS,CAAC,cAAc,CAAC,KAAK,CAAC,CAAC;oBAEjD,SAAS;oBACT,MAAM,QAAQ,EAAE,QAAQ,GAAG;wBACzB,KAAK,EAAE,SAAS,CAAC,SAAS,CAAC,UAAU,CAAC;wBACtC,GAAG,EAAE,SAAS,CAAC,SAAS,CAAC,QAAQ,CAAC;wBAClC,IAAI,EAAE,SAAS,CAAC,SAAS,CAAC,SAAS,CAAC;wBACpC,GAAG,EAAE,SAAS,CAAC,SAAS,CAAC,QAAQ,CAAC;wBAClC,OAAO,EAAE,SAAS,CAAC,SAAS,CAAC,YAAY,CAAC;wBAC1C,GAAG,EAAE,SAAS,CAAC,OAAO,CAAC,QAAQ,CAAC;wBAChC,GAAG,EAAE,SAAS,CAAC,OAAO,CAAC,QAAQ,CAAC;qBACjC,CAAC;oBAEF,OAAO,QAAQ,CAAC;iBACjB;gBACD,OAAO,CAAC,KAAK,CAAC,KAAK,SAAS,UAAU,EAAE,KAAK,CAAC,CAAA;gBAC9C,gBAAgB;gBAChB,MAAM,IAAI,KAAK,CAAC,KAAK,SAAS,UAAU,EAAE,KAAK,CAAC,CAAC;aAElD;oBAAS;gBACR,cAAc;gBACd,SAAS,CAAC,KAAK,EAAE,CAAC;aACnB;SACF;QAAC,OAAO,GAAG,EAAE;YACZ,gBAAgB;YAChB,MAAM,IAAI,CAAC,cAAc,CAAC,GAAG,EAAE,KAAK,SAAS,SAAS,EAAE,SAAS,CAAC,CAAC;SACpE;IACH,CAAC;IAED;;;;;;OAMG;IACH,MAAM,CAAC,KAAK,CAAC,kBAAkB,CAC7B,GAAG,EAAE,IAAI,GAAG,OAAO,EACnB,SAAS,EAAE,UAAU,GAAG,WAAW,EACnC,KAAK,EAAE,MAAM,GAAG,MAAM,EACtB,MAAM,EAAE,OAAO,GAAG,KAAK,GAAG,MAAM,GAAG,KAAK,GAAG,SAAS,GAAG,KAAK,GAAG,KAAK,GAAG,IAAI,GAAG,OAAO,CAAC,MAAM,GAAG,IAAI,GAAG,MAAM,CAAC;QAC7G,UAAU;QACV,IAAI,SAAS,KAAK,UAAU,IAAI,SAAS,KAAK,WAAW,EAAE;YACzD,MAAM,IAAI,KAAK,CAAC,UAAU,SAAS,6BAA6B,CAAC,CAAC;SACnE;QAED,aAAa;QACb,IAAI,CAAC,IAAI,CAAC,QAAQ,EAAE;YAClB,MAAM,IAAI,KAAK,CAAC,uBAAuB,CAAC,CAAC;SAC1C;QAED,IAAI;YACF,MAAM,GAAG,GAAG,UAAU,MAAM,SAAS,SAAS,UAAU,GAAG,MAAM,CAAC;YAClE,MAAM,MAAM,GAAG,CAAC,KAAK,CAAC,CAAC;YAEvB,UAAU;YACV,MAAM,SAAS,GAAG,MAAM,IAAI,CAAC,QAAQ,CAAC,QAAQ,CAAC,GAAG,EAAE,MAAM,CAAC,CAAC;YAE5D,IAAI;gBACF,YAAY;gBACZ,IAAI,SAAS,CAAC,QAAQ,GAAG,CAAC,EAAE;oBAC1B,SAAS,CAAC,YAAY,EAAE,CAAC;oBACzB,MAAM,KAAK,GAAG,SAAS,CAAC,cAAc,CAAC,MAAM,CAAC,CAAC;oBAC/C,MAAM,MAAM,GAAG,SAAS,CAAC,SAAS,CAAC,KAAK,CAAC,CAAC;oBAC1C,OAAO,MAAM,CAAA;iBACd;gBACD,OAAO,IAAI,CAAC,CAAC,QAAQ;aACtB;oBAAS;gBACR,cAAc;gBACd,SAAS,CAAC,KAAK,EAAE,CAAC;aACnB;SACF;QAAC,OAAO,GAAG,EAAE;YACZ,yCAAyC;YACzC,MAAM,IAAI,CAAC,cAAc,CAAC,GAAG,EAAE,KAAK,SAAS,SAAS,KAAK,OAAO,MAAM,IAAI,CAAC,CAAC;SAC/E;IACH,CAAC;IAED;;;;;;OAMG;IACH,MAAM,CAAC,KAAK,CAAC,oBAAoB,IAAI,OAAO,CAAC,OAAO,CAAC;QACnD,IAAI,CAAC,IAAI,CAAC,QAAQ,EAAE;YAClB,MAAM,IAAI,KAAK,CAAC,8CAA8C,CAAC,CAAC;SACjE;QAED,IAAI;YACF,wBAAwB;YACxB,MAAM,GAAG,GAAG,gCAAgC,CAAC;YAC7C,MAAM,SAAS,GAAG,MAAM,IAAI,CAAC,QAAQ,CAAC,QAAQ,CAAC,GAAG,CAAC,CAAC;YAEpD,IAAI;gBACF,mBAAmB;gBACnB,OAAO,SAAS,CAAC,QAAQ,KAAK,CAAC,CAAC;aACjC;oBAAS;gBACR,mBAAmB;gBACnB,SAAS,CAAC,KAAK,EAAE,CAAC;aACnB;SACF;QAAC,OAAO,KAAK,EAAE;YACd,MAAM,GAAG,GAAG,IAAI,KAAK,CAAC,yBAAyB,KAAK,CAAC,OAAO,EAAE,CAAC,CAAC;YAChE,KAAK,CAAC,KAAK,CAAC,MAAM,EAAE,SAAS,EAAE,GAAG,CAAC,OAAO,CAAC,CAAC;YAC5C,MAAM,GAAG,CAAC;SACX;IACH,CAAC;IAED;;;;;;OAMG;IACH,MAAM,CAAC,KAAK,CAAC,UAAU,CAAC,QAAQ,EAAE,QAAQ,GAAG,OAAO,CAAC,OAAO,CAAC;QAC3D,IAAI;YACF,IAAI,CAAC,IAAI,CAAC,QAAQ,EAAE;gBAClB,MAAM,IAAI,KAAK,CAAC,8CAA8C,CAAC,CAAC;aACjE;YACD,cAAc;YACd,IAAI,CAAC,QAAQ,CAAC,gBAAgB,EAAE,CAAC;YAEjC,IAAI;gBACF,wBAAwB;gBACxB,MAAM,WAAW,GAAG,MAAM,IAAI,CAAC,gBAAgB,CAAC,QAAQ,CAAC,KAAK,CAAC,CAAC;gBAChE,IAAI,WAAW,EAAE;oBACf,MAAM,IAAI,KAAK,CAAC,gBAAgB,CAAC,CAAC;iBACnC;gBAED,qBAAqB;gBACrB,MAAM,eAAe,GAAG,MAAM,IAAI,CAAC,oBAAoB,EAAE,CAAC;gBAC1D,IAAI,CAAC,eAAe,EAAE;oBACpB,MAAM,IAAI,KAAK,CAAC,QAAQ,CAAC,CAAA;iBAC1B;gBAED,iBAAiB;gBACjB,MAAM,SAAS,GAAG;;;OAGnB,CAAC;gBAEA,MAAM,IAAI,CAAC,QAAQ,CAAC,UAAU,CAAC,SAAS,EAAE;oBACxC,QAAQ,CAAC,KAAK;oBACd,QAAQ,CAAC,GAAG;oBACZ,QAAQ,CAAC,IAAI;oBACb,QAAQ,CAAC,GAAG;oBACZ,QAAQ,CAAC,OAAO;oBAChB,QAAQ,CAAC,GAAG;oBACZ,QAAQ,CAAC,GAAG;iBACb,CAAC,CAAC;gBAEH,gBAAgB;gBAChB,MAAM,SAAS,GAAG,MAAM,IAAI,CAAC,QAAQ,CAAC,QAAQ,CAAC,kCAAkC,CAAC,CAAC;gBACnF,IAAI;oBAEF,UAAU;oBACV,IAAI,CAAC,QAAQ,CAAC,MAAM,EAAE,CAAC;oBACvB,OAAO,IAAI,CAAC;iBAEb;gBAAA,MAAM;oBACL,OAAO,KAAK,CAAA;iBACb;wBAAS;oBACR,SAAS,CAAC,KAAK,EAAE,CAAC;iBACnB;aACF;YAAC,OAAO,KAAK,EAAE;gBACd,eAAe;gBACf,IAAI,CAAC,QAAQ,CAAC,QAAQ,EAAE,CAAC;gBAEzB,aAAa;gBACb,MAAM,YAAY,GAAG,KAAK,YAAY,KAAK;oBACzC,CAAC,CAAC,KAAK,CAAC,OAAO;oBACf,CAAC,CAAC,wBAAwB,CAAC;gBAE7B,MAAM,IAAI,KAAK,CAAC,YAAY,YAAY,EAAE,CAAC,CAAC;aAC7C;SACF;QAAC,OAAO,GAAG,EAAE;YACZ,oBAAoB;YACpB,IAAI;gBACF,IAAI,IAAI,CAAC,QAAQ,EAAE;oBACjB,IAAI,CAAC,QAAQ,CAAC,QAAQ,EAAE,CAAC;iBAC1B;aACF;YAAC,OAAO,aAAa,EAAE;gBACtB,OAAO,CAAC,KAAK,CAAC,gCAAgC,EAAE,aAAa,CAAC,CAAC;aAChE;YAED,MAAM,KAAK,GAAG,GAAG,IAAI,aAAa,CAAC;YACnC,OAAO,CAAC,KAAK,CAAC,gCAAgC,KAAK,CAAC,IAAI,cAAc,KAAK,CAAC,OAAO,EAAE,CAAC,CAAC;YACvF,OAAO,KAAK,CAAA;YACZ,MAAM,IAAI,KAAK,CAAC,WAAW,KAAK,CAAC,OAAO,EAAE,CAAC,CAAC;SAC7C;IACH,CAAC;IAED;;;;;;OAMG;IACH,MAAM,CAAC,KAAK,CAAC,aAAa,CAAC,SAAS,EAAE,UAAU,GAAG,WAAW,GAAG,OAAO,CAAC,MAAM,CAAC;QAC9E,kBAAkB;QAClB,MAAM,aAAa,GAAG,CAAC,UAAU,EAAE,WAAW,CAAC,CAAC;QAChD,IAAI,CAAC,aAAa,CAAC,QAAQ,CAAC,SAAS,CAAC,EAAE;YACtC,MAAM,IAAI,KAAK,CAAC,UAAU,SAAS,WAAW,aAAa,CAAC,IAAI,CAAC,IAAI,CAAC,EAAE,CAAC,CAAC;SAC3E;QAED,IAAI,CAAC,IAAI,CAAC,QAAQ,EAAE;YAClB,MAAM,IAAI,KAAK,CAAC,uBAAuB,CAAC,CAAC;SAC1C;QAED,IAAI;YACF,mBAAmB;YACnB,MAAM,GAAG,GAAG,iCAAiC,SAAS,EAAE,CAAC;YACzD,MAAM,SAAS,GAAG,MAAM,IAAI,CAAC,QAAQ,CAAC,QAAQ,CAAC,GAAG,CAAC,CAAC;YAEpD,IAAI;gBACF,IAAI,SAAS,CAAC,QAAQ,GAAG,CAAC,EAAE;oBAC1B,SAAS,CAAC,YAAY,EAAE,CAAC;oBACzB,MAAM,WAAW,GAAG,SAAS,CAAC,cAAc,CAAC,OAAO,CAAC,CAAC;oBACtD,OAAO,SAAS,CAAC,OAAO,CAAC,WAAW,CAAC,CAAC;iBACvC;gBACD,OAAO,CAAC,CAAC;aACV;oBAAS;gBACR,aAAa;gBACb,SAAS,CAAC,KAAK,EAAE,CAAC;aACnB;SACF;QAAC,OAAO,GAAG,EAAE;YACZ,MAAM,KAAK,GAAG,GAAG,IAAI,aAAa,CAAC;YACnC,OAAO,CAAC,KAAK,CAAC,OAAO,SAAS,gBAAgB,KAAK,CAAC,IAAI,SAAS,KAAK,CAAC,OAAO,EAAE,CAAC,CAAC;YAClF,MAAM,IAAI,KAAK,CAAC,aAAa,KAAK,CAAC,OAAO,EAAE,CAAC,CAAC;SAC/C;IACH,CAAC;IAED,WAAW,IAAI,eAAe,CAAC,QAAQ;QACrC,IAAI,CAAC,IAAI,CAAC,QAAQ,EAAE;YAClB,MAAM,IAAI,KAAK,CAAC,8CAA8C,CAAC,CAAC;SACjE;QACD,OAAO,IAAI,CAAC,QAAQ,CAAC;IACvB,CAAC;IAED;;;;;OAKG;IACH,MAAM,CAAC,KAAK,CAAC,kBAAkB,IAAI,OAAO,CAAC,MAAM,CAAC;QAChD,IAAI,CAAC,IAAI,CAAC,QAAQ,EAAE;YAClB,MAAM,IAAI,KAAK,CAAC,uBAAuB,CAAC,CAAC;SAC1C;QAED,IAAI;YACF,cAAc;YACd,IAAI,CAAC,QAAQ,CAAC,gBAAgB,EAAE,CAAC;YAEjC,IAAI;gBACF,sBAAsB;gBACtB,MAAM,WAAW,GAAG,MAAM,IAAI,CAAC,QAAQ,CAAC,QAAQ,CAAC,wCAAwC,CAAC,CAAC;gBAC3F,IAAI,QAAQ,GAAG,CAAC,CAAC;gBAEjB,IAAI;oBACF,IAAI,WAAW,CAAC,QAAQ,GAAG,CAAC,EAAE;wBAC5B,WAAW,CAAC,YAAY,EAAE,CAAC;wBAC3B,QAAQ,GAAG,WAAW,CAAC,OAAO,CAAC,WAAW,CAAC,cAAc,CAAC,OAAO,CAAC,CAAC,CAAC;qBACrE;iBACF;wBAAS;oBACR,WAAW,CAAC,KAAK,EAAE,CAAC;iBACrB;gBAED,YAAY;gBACZ,MAAM,IAAI,CAAC,QAAQ,CAAC,UAAU,CAAC,sBAAsB,CAAC,CAAC;gBAEvD,2BAA2B;gBAC3B,MAAM,IAAI,CAAC,QAAQ,CAAC,UAAU,CAAC,qDAAqD,CAAC,CAAC;gBAEtF,UAAU;gBACV,IAAI,CAAC,QAAQ,CAAC,MAAM,EAAE,CAAC;gBAEvB,OAAO,CAAC,GAAG,CAAC,mBAAmB,QAAQ,KAAK,CAAC,CAAC;gBAC9C,OAAO,QAAQ,CAAC;aACjB;YAAC,OAAO,KAAK,EAAE;gBACd,eAAe;gBACf,IAAI,CAAC,QAAQ,CAAC,QAAQ,EAAE,CAAC;gBACzB,MAAM,IAAI,CAAC,cAAc,CAAC,KAAK,EAAE,eAAe,CAAC,CAAC;aACnD;SACF;QAAC,OAAO,GAAG,EAAE;YACZ,MAAM,IAAI,CAAC,cAAc,CAAC,GAAG,EAAE,iBAAiB,CAAC,CAAC;SACnD;IACH,CAAC;IAED,KAAK,CAAC,KAAK,IAAI,OAAO,CAAC,IAAI,CAAC;QAC1B,IAAI,IAAI,CAAC,QAAQ,EAAE;YACjB,IAAI;gBACF,MAAM,IAAI,CAAC,QAAQ,CAAC,KAAK,EAAE,CAAC;gBAC5B,IAAI,CAAC,QAAQ,GAAG,IAAI,CAAC;aACtB;YAAC,OAAO,GAAG,EAAE;gBACZ,MAAM,KAAK,GAAG,GAAG,IAAI,aAAa,CAAC;gBACnC,OAAO,CAAC,KAAK,CAAC,mCAAmC,KAAK,CAAC,IAAI,cAAc,KAAK,CAAC,OAAO,EAAE,CAAC,CAAC;aAC3F;SACF;QACD,eAAe,CAAC,QAAQ,GAAG,IAAI,CAAC;IAClC,CAAC;IAED,KAAK;IACL,OAAO,CAAC,KAAK,CAAC,YAAY,IAAI,OAAO,CAAC,IAAI,CAAC;QACzC,IAAI,CAAC,IAAI,CAAC,QAAQ,EAAE;YAClB,OAAO;SACR;QAED,IAAI;YACF,MAAM,IAAI,CAAC,QAAQ,CAAC,UAAU,CAAC;;;;;;;;;;;OAW9B,CAAC,CAAC;YAEH,MAAM,IAAI,CAAC,QAAQ,CAAC,UAAU,CAAC;;;;;;;;;;;OAW9B,CAAC,CAAC;YAEH,MAAM,IAAI,CAAC,QAAQ,CAAC,UAAU,CAAC;;;;;;;OAO9B,CAAC,CAAC;SACJ;QAAC,OAAO,GAAG,EAAE;YACZ,MAAM,KAAK,GAAG,GAAG,IAAI,aAAa,CAAC;YACnC,OAAO,CAAC,KAAK,CAAC,kCAAkC,KAAK,CAAC,IAAI,cAAc,KAAK,CAAC,OAAO,EAAE,CAAC,CAAC;SAC1F;IACH,CAAC;IAED,OAAO,CAAC,cAAc,CAAC,GAAG,EAAE,KAAK,EAAE,OAAO,EAAE,MAAM,GAAG,KAAK;QACxD,OAAO,IAAI,KAAK,CAAC,GAAG,OAAO,UAAU,GAAG,CAAC,OAAO,EAAE,CAAC,CAAC;IACtD,CAAC;IAED;;;;;OAKG;IACH,OAAO,CAAC,KAAK,CAAC,gBAAgB,CAAC,KAAK,EAAE,MAAM,GAAG,OAAO,CAAC,OAAO,CAAC;QAC7D,IAAI,CAAC,IAAI,CAAC,QAAQ,EAAE;YAClB,MAAM,IAAI,KAAK,CAAC,8CAA8C,CAAC,CAAC;SACjE;QAED,IAAI;YACF,eAAe;YACf,MAAM,GAAG,GAAG;;;;;KAKb,CAAC;YAEA,MAAM,SAAS,GAAG,MAAM,IAAI,CAAC,QAAQ,CAAC,QAAQ,CAAC,GAAG,EAAE,CAAC,KAAK,EAAE,KAAK,CAAC,CAAC,CAAC;YAEpE,IAAI;gBACF,OAAO,SAAS,CAAC,QAAQ,GAAG,CAAC,CAAC;aAC/B;oBAAS;gBACR,WAAW;gBACX,SAAS,CAAC,KAAK,EAAE,CAAC;aACnB;SACF;QAAC,OAAO,GAAG,EAAE;YACZ,MAAM,KAAK,GAAG,GAAG,IAAI,aAAa,CAAC;YACnC,OAAO,CAAC,KAAK,CAAC,0CAA0C,KAAK,CAAC,IAAI,cAAc,KAAK,CAAC,OAAO,EAAE,CAAC,CAAC;YACjG,MAAM,IAAI,KAAK,CAAC,QAAQ,KAAK,EAAE,CAAC,CAAA;SACjC;IACH,CAAC;CACF;AAED,OAAO,EACL,eAAe,GAChB,CAAA;cADkB,QAAQ,EAAE,aAAa,EAAE,OAAO","entry-package-info":"entry|1.0.0"}}
{"key": "entry|entry|1.0.0|src/main/ets/utils/Login.ts", "val": {"version":3,"file":"Login.ets","sourceRoot":"","sources":["entry/src/main/ets/utils/Login.ets"],"names":[],"mappings":"OAAS,KAAK;OACP,IAAI;OACJ,EAAE,aAAa,EAAE;OACf,IAAI;AAEb,MAAM,WAAW,QAAQ;IACvB,GAAG,EAAE,MAAM,CAAC;IACZ,KAAK,EAAE,MAAM,CAAC;IACd,GAAG,EAAE,MAAM,CAAC;IACZ,GAAG,EAAE,MAAM,CAAC;IACZ,GAAG,EAAE,MAAM,CAAA;CACZ;AAED,MAAM,OAAO,aAAa;IACxB;;;;OAIG;IACH,MAAM,CAAC,KAAK,CAAC,aAAa,CAAC,WAAW,EAAE,MAAM,GAAG,OAAO,CAAC,MAAM,CAAC;QAC9D,OAAO,CAAC,GAAG,CAAC,MAAM,GAAG,WAAW,CAAC,CAAA;QACjC,MAAM,WAAW,GAAG,IAAI,CAAC,UAAU,EAAE,CAAC;QACtC,MAAM,GAAG,GAAG,2CAA2C,CAAC;QACxD,MAAM,QAAQ,GAAG,WAAW,CAAC;QAC7B,IAAI;YACF,MAAM,MAAM,GAAG,MAAM,WAAW,CAAC,OAAO,CAAC,GAAG,EAAE;gBAC5C,MAAM,EAAE,IAAI,CAAC,aAAa,CAAC,IAAI;gBAC/B,SAAS,EAAE,QAAQ;gBACnB,MAAM,EAAE;oBACN,cAAc,EAAE,kDAAkD;oBAClE,kBAAkB,EAAE,gBAAgB;iBACrC;gBACD,cAAc,EAAE,KAAK;gBACrB,WAAW,EAAE,KAAK;aACnB,CAAC,CAAC;YACH,OAAO;YACP,IAAI,MAAM,CAAC,YAAY,KAAK,GAAG,EAAE;gBAC/B,MAAM,UAAU,GAAG,IAAI,CAAC,KAAK,CAAC,MAAM,CAAC,MAAM,CAAC,QAAQ,EAAE,CAAC,IAAI,MAAM,CAAC;gBAClE,OAAO,CAAC,GAAG,CAAC,UAAU,EAAE,CAAC,QAAQ,CAAC,GAAG,MAAM,CAAC,CAAA;gBAC5C,IAAI,UAAU,EAAE,CAAC,QAAQ,CAAC,KAAK,IAAI,EAAE;oBACnC,MAAM,WAAW,EAAE,MAAM,EAAE,GAAG,MAAM,CAAC,MAAM,CAAC,YAAY,CAAC,CAAA;oBACzD,OAAO,CAAC,GAAG,CAAC,UAAU,CAAC,CAAA;oBACvB,OAAO,aAAa,CAAC,uBAAuB,CAAC,WAAW,CAAC,CAAC;iBAC3D;qBAAM;oBACL,OAAO,CAAC,KAAK,CAAC,MAAM,GAAG,IAAI,CAAC,SAAS,CAAC,MAAM,CAAC,MAAM,CAAC,CAAC,CAAA;oBACrD,OAAO,CAAC,KAAK,CAAC,cAAc,CAAC,CAAA;oBAC7B,OAAO,EAAE,CAAA;iBACV;aACF;iBAAM;gBACL,OAAO,CAAC,KAAK,CAAC,UAAU,CAAC,CAAA;gBACzB,OAAO,EAAE,CAAA;aACV;SACF;QAAC,OAAO,KAAK,EAAE;YACd,OAAO,CAAC,KAAK,CAAC,KAAK,CAAC,CAAA;YACpB,OAAO,EAAE,CAAA;SACV;gBAAS;YACR,oBAAoB;YACpB,WAAW,CAAC,OAAO,EAAE,CAAC;SACvB;IACH,CAAC;IAED;;;;OAIG;IACH,MAAM,CAAC,KAAK,CAAC,WAAW,CAAC,OAAO,EAAE,MAAM,GAAG,OAAO,CAAC,QAAQ,CAAC;QAC1D,MAAM,WAAW,GAAG,IAAI,CAAC,UAAU,EAAE,CAAC;QACtC,MAAM,GAAG,GAAG,wDAAwD,CAAA;QACpE,IAAI;YACF,MAAM,MAAM,GAAG,MAAM,WAAW,CAAC,OAAO,CAAC,GAAG,EAAE;gBAC5C,MAAM,EAAE,IAAI,CAAC,aAAa,CAAC,GAAG;gBAC9B,MAAM,EAAE;oBACN,QAAQ,EAAE,OAAO;iBAClB;aACF,CAAC,CAAA;YACF,IAAI,MAAM,CAAC,YAAY,IAAI,GAAG,IAAI,MAAM,CAAC,YAAY,GAAG,GAAG,EAAE;gBAC3D,OAAO,CAAC,KAAK,CAAC,YAAY,CAAC,CAAA;gBAC3B,OAAO;oBACL,KAAK,EAAE,eAAe;oBACtB,OAAO,EAAE,EAAE;oBACX,KAAK,EAAE,EAAE;oBACT,GAAG,EAAE,CAAC;oBACN,GAAG,EAAE,CAAC;iBACP,CAAA;aACF;iBAAM;gBACL,MAAM,UAAU,GAAG,IAAI,CAAC,KAAK,CAAC,MAAM,CAAC,MAAM,IAAI,MAAM,CAAC,IAAI,MAAM,CAAC;gBACjE,MAAM,IAAI,GAAG,CAAC,UAAU,IAAI,MAAM,CAAC,EAAE,CAAC,KAAK,CAAC,IAAI,MAAM,CAAA;gBACtD,MAAM,KAAK,EAAE,MAAM,GAAG,CAAC,IAAI,IAAI,MAAM,CAAC,EAAE,CAAC,MAAM,CAAC,IAAI,EAAE,CAAA;gBACtD,MAAM,GAAG,EAAE,MAAM,GAAG,CAAC,IAAI,IAAI,MAAM,CAAC,EAAE,CAAC,KAAK,CAAC,IAAI,EAAE,CAAA;gBACnD,MAAM,GAAG,EAAE,MAAM,GAAG,CAAC,IAAI,IAAI,MAAM,CAAC,EAAE,CAAC,KAAK,CAAC,IAAI,CAAC,CAAA;gBAClD,MAAM,GAAG,EAAE,MAAM,GAAG,CAAC,IAAI,IAAI,MAAM,CAAC,EAAE,CAAC,KAAK,CAAC,IAAI,CAAC,CAAA;gBAClD,OAAO;oBACL,KAAK,EAAE,CAAC,KAAK,IAAI,GAAG,CAAC,CAAC,CAAC,CAAC,YAAY,CAAC,CAAC,CAAC,aAAa;oBACpD,OAAO,EAAE,KAAK;oBACd,KAAK,EAAE,GAAG;oBACV,KAAK,EAAE,GAAG;oBACV,KAAK,EAAE,GAAG;iBACX,CAAA;aACF;SACF;QAAC,OAAO,KAAK,EAAE;YACd,OAAO,CAAC,KAAK,CAAC,YAAY,EAAE,KAAK,CAAC,CAAC;YACnC,OAAO;gBACL,KAAK,EAAE,eAAe;gBACtB,OAAO,EAAE,EAAE;gBACX,KAAK,EAAE,EAAE;gBACT,GAAG,EAAE,CAAC;gBACN,GAAG,EAAE,CAAC;aACP,CAAA;SACF;gBAAS;YACR,WAAW,CAAC,OAAO,EAAE,CAAA;SACtB;IACH,CAAC;IAED;;;;SAIK;IACL,MAAM,CAAC,KAAK,CAAC,MAAM,CAAC,GAAG,EAAE,MAAM,GAAG,OAAO,CAAC,KAAK,CAAC,QAAQ,GAAG,IAAI,CAAC;QAC9D,MAAM,WAAW,GAAG,IAAI,CAAC,UAAU,EAAE,CAAC;QACtC,IAAI;YACF,MAAM,MAAM,GAAG,MAAM,WAAW,CAAC,OAAO,CAAC,GAAG,EAAE;gBAC5C,MAAM,EAAE,IAAI,CAAC,aAAa,CAAC,GAAG;gBAC9B,MAAM,EAAE;oBACN,YAAY,EAAE,2IAA2I;iBAC1J;gBACD,WAAW,EAAE,KAAK;gBAClB,cAAc,EAAE,KAAK,CAAC,aAAa;aACpC,CAAC,CAAA;YAEF,IAAI,MAAM,CAAC,YAAY,KAAK,GAAG,EAAE;gBAC/B,MAAM,OAAO,GAAG,MAAM,CAAC,MAAM,IAAI,WAAW,CAAA;gBAE5C,QAAQ;gBACR,IAAI,WAAW,GAAG,KAAK,CAAC,iBAAiB,CAAC,OAAO,CAAC,CAAC;gBACnD,aAAa;gBACb,IAAI,QAAQ,EAAE,KAAK,CAAC,QAAQ,GAAG,MAAM,WAAW,CAAC,cAAc,EAAE,CAAC;gBAClE,OAAO,QAAQ,CAAA;aAChB;iBAAM;gBACL,OAAO,CAAC,KAAK,CAAC,UAAU,CAAC,CAAA;gBACzB,OAAO,IAAI,CAAA;aACZ;SACF;QAAC,OAAO,KAAK,EAAE;YACd,OAAO,CAAC,KAAK,CAAC,MAAM,GAAG,KAAK,CAAC,CAAA;YAC7B,OAAO,IAAI,CAAA;SACZ;IACH,CAAC;CACF","entry-package-info":"entry|1.0.0"}}
{"key": "entry|entry|1.0.0|node_modules/crypto-js/core.js", "val": {"version":3,"file":"core.js","sources":["entry/node_modules/crypto-js/core.js"],"names":[],"mappings":";;;;;;;;;;;AAAA;AACA;AACA;AACA;;;AAGA;AACA;;;AAGA;AACA;;;AAGA;AACA;AACA;AACA;AACA;AACA;;AAEA;;AAEA;AACA;;AAEA;;AAEA;AACA;;AAEA;;AAEA;AACA;;AAEA;;AAEA;AACA;AACA;AACA;;AAEA;AACA;AACA;AACA;;AAEA;AACA;;AAEA;AACA;AACA;;AAEA;AACA;AACA;AACA;AACA;AACA;;;AAGA;AACA;AACA;AACA;AACA;;AAEA;AACA;AACA;AACA;;AAEA;;;AAGA;AACA;AACA;AACA;AACA;AACA;AACA;AACA;AACA;;AAEA;;;AAGA;AACA;AACA;AACA;AACA;AACA;AACA;;AAEA;;AAEA;AACA;AACA;AACA;AACA;AACA;AACA;AACA;AACA;;AAEA;AACA;AACA;AACA;AACA;AACA;AACA;AACA;AACA;AACA;AACA;AACA;AACA;AACA;AACA;AACA;AACA;AACA;AACA;AACA;AACA;AACA;AACA;AACA;AACA;AACA;AACA;AACA;AACA;AACA;AACA;;AAEA;;AAEA;AACA;AACA;AACA;AACA;AACA;;AAEA;AACA;AACA;AACA;AACA;AACA;AACA;;;AAGA;AACA;AACA;AACA;AACA;AACA;AACA;AACA;AACA;AACA;AACA;AACA;AACA;;AAEA;;AAEA;;;AAGA;AACA;AACA;AACA;AACA;AACA;AACA;AACA;AACA;AACA;AACA;AACA;AACA;;;AAGA;AACA;AACA;AACA;AACA;AACA;AACA;AACA;AACA;AACA;AACA;AACA;AACA;AACA;AACA;;;;AAIA;AACA;AACA;AACA;;;AAGA;AACA;AACA;AACA;AACA;AACA;AACA;AACA;AACA;AACA;;;;AAIA;;AAEA;AACA;AACA;AACA;AACA;AACA;AACA;;AAEA;AACA;AACA;AACA;AACA;AACA;AACA;AACA;AACA;AACA;AACA;AACA;AACA;;AAEA;AACA;AACA;AACA;;;;AAIA;AACA;AACA;AACA;AACA;AACA;AACA;AACA;AACA;AACA;AACA;AACA;AACA;AACA;AACA;;;AAGA;AACA;AACA;AACA;AACA;AACA;AACA;AACA;AACA;AACA;AACA;AACA;AACA;AACA;AACA;AACA;AACA;AACA;AACA;AACA;AACA;AACA;AACA;AACA;AACA;AACA;;;;AAIA;AACA;AACA;AACA;;;AAGA;AACA;AACA;;;AAGA;AACA;AACA;AACA;AACA;AACA;AACA;AACA;;AAEA;AACA;AACA;AACA;AACA;AACA;AACA;;AAEA;AACA;AACA;AACA;AACA;AACA;AACA;AACA;AACA;AACA;;;AAGA;AACA;;;AAGA;AACA;AACA;AACA;AACA;AACA;AACA;AACA;AACA;AACA;AACA;AACA;AACA;AACA;AACA;AACA;AACA;AACA;AACA;;AAEA;;;AAGA;AACA;AACA;AACA;AACA;;AAEA;AACA;AACA;AACA;AACA;AACA;AACA;AACA;AACA;AACA;AACA;AACA;AACA;AACA;AACA;AACA;AACA;AACA;AACA;AACA;AACA;AACA;AACA;AACA;AACA;AACA;;AAEA;AACA;;AAEA;AACA;;AAEA;AACA;AACA;AACA;AACA;AACA;AACA;AACA;AACA;AACA;AACA;AACA;AACA;AACA;AACA;AACA;AACA;AACA;AACA;AACA;AACA;AACA;;AAEA;AACA;;AAEA;AACA;AACA;AACA;AACA;AACA;AACA;AACA;AACA;AACA;AACA;AACA;AACA;AACA;AACA;AACA;AACA;AACA;AACA;AACA;AACA;AACA;AACA;AACA;AACA;AACA;AACA;;;;AAIA;AACA;;AAEA;AACA;AACA;AACA;AACA;AACA;AACA;AACA;AACA;AACA;AACA;AACA;AACA;AACA;AACA;AACA;AACA;AACA;AACA;AACA;AACA;;;AAGA;;;AAGA;AACA;AACA;AACA;AACA;AACA;AACA;AACA;AACA;AACA;AACA;AACA;AACA;AACA;AACA;AACA;AACA;AACA;AACA;AACA;AACA;AACA;;AAEA;;;AAGA;AACA;AACA;AACA;AACA;AACA;AACA;AACA;AACA;AACA;AACA;AACA;AACA;AACA;AACA;AACA;;AAEA;AACA;AACA;AACA;AACA;AACA;AACA;AACA;AACA;;AAEA;AACA;AACA;AACA;AACA;AACA;AACA;;AAEA;;AAEA;;AAEA;AACA;AACA;AACA;AACA;AACA;AACA;AACA;AACA;AACA;AACA;AACA;AACA;AACA;;;AAGA;AACA;;AAEA;;AAEA;AACA;AACA;AACA;AACA;AACA;AACA;AACA;AACA;AACA;AACA;AACA;AACA;AACA;AACA;AACA;;AAEA;AACA;AACA;AACA;AACA;AACA;AACA;AACA;AACA;AACA;;AAEA;;AAEA;AACA;AACA;AACA;;AAEA;AACA;AACA;AACA;AACA;AACA;AACA;AACA;;AAEA;AACA;;;AAGA;AACA;;AAEA;;AAEA;AACA;;;AAGA;AACA;AACA;AACA;AACA;AACA;AACA;AACA;AACA;AACA;;;;AAIA;;;AAGA;;AAEA;AACA;AACA;AACA;AACA;AACA;AACA;;AAEA;AACA;AACA;AACA;AACA;AACA;AACA;AACA;AACA;AACA;AACA;AACA;AACA;AACA;AACA;AACA;AACA;AACA;AACA;AACA;;AAEA;AACA;AACA;AACA;AACA;AACA;AACA;AACA;;AAEA;;AAEA;AACA;AACA;;AAEA;AACA;AACA;AACA;AACA;AACA;AACA;AACA;AACA;AACA;AACA;AACA;AACA;AACA;AACA;AACA;AACA;AACA;AACA;AACA;AACA;;;AAGA;AACA;AACA;AACA;AACA;AACA;AACA;AACA;AACA;AACA;AACA;AACA;AACA;AACA;AACA;AACA;AACA;;AAEA;;AAEA;AACA;AACA;AACA;;;AAGA;AACA;AACA;AACA;AACA;AACA;AACA;AACA;AACA;AACA;AACA;AACA;AACA;AACA;AACA;AACA;AACA;AACA;AACA;AACA;;AAEA;AACA;AACA;AACA;AACA;AACA;AACA;AACA;AACA;AACA;AACA;AACA;AACA;AACA;AACA;AACA;AACA;AACA;;AAEA;AACA;AACA;AACA;AACA;;AAEA;;AAEA;AACA;AACA;;AAEA;AACA;;;;;","entry-package-info":"entry|1.0.0"}}
{"key": "entry|entry|1.0.0|node_modules/crypto-js/x64-core.js", "val": {"version":3,"file":"x64-core.js","sources":["entry/node_modules/crypto-js/x64-core.js"],"names":[],"mappings":";;;;;;;;;;;AAAA;AACA;AACA;AACA;;;AAGA;;;;AAIA;AACA;;AAEA;AACA;;AAEA;AACA;AACA;AACA;AACA;AACA;AACA;AACA;AACA;;AAEA;AACA;AACA;AACA;;AAEA;AACA;AACA;AACA;AACA;AACA;AACA;AACA;AACA;AACA;AACA;AACA;AACA;;AAEA;AACA;AACA;AACA;AACA;AACA;AACA;AACA;AACA;AACA;AACA;AACA;AACA;AACA;AACA;AACA;AACA;AACA;AACA;AACA;AACA;AACA;AACA;AACA;AACA;AACA;AACA;AACA;AACA;AACA;AACA;AACA;AACA;AACA;AACA;AACA;AACA;AACA;AACA;AACA;AACA;AACA;AACA;AACA;AACA;AACA;AACA;AACA;AACA;AACA;AACA;AACA;AACA;AACA;AACA;AACA;AACA;AACA;AACA;AACA;AACA;AACA;AACA;AACA;AACA;AACA;AACA;AACA;AACA;AACA;AACA;AACA;AACA;AACA;AACA;AACA;AACA;AACA;AACA;AACA;AACA;AACA;AACA;AACA;AACA;AACA;AACA;AACA;AACA;AACA;AACA;AACA;AACA;AACA;AACA;AACA;AACA;AACA;AACA;AACA;AACA;AACA;AACA;AACA;AACA;AACA;AACA;AACA;AACA;AACA;AACA;AACA;AACA;AACA;AACA;AACA;AACA;AACA;AACA;AACA;AACA;AACA;AACA;AACA;AACA;AACA;AACA;AACA;AACA;AACA;AACA;AACA;AACA;AACA;AACA;AACA;AACA;AACA;AACA;AACA;AACA;AACA;AACA;AACA;AACA;AACA;AACA;AACA;AACA;AACA;AACA;AACA;AACA;AACA;AACA;AACA;AACA;AACA;AACA;AACA;AACA;AACA;AACA;AACA;AACA;AACA;AACA;AACA;AACA;AACA;AACA;AACA;AACA;;AAEA;AACA;AACA;AACA;AACA;AACA;AACA;AACA;AACA;AACA;AACA;AACA;AACA;AACA;AACA;AACA;AACA;AACA;AACA;AACA;AACA;;AAEA;AACA;AACA;AACA;;;;AAIA;AACA;AACA;AACA;AACA;AACA;AACA;AACA;AACA;AACA;;AAEA;AACA;AACA;AACA;AACA;AACA;AACA;AACA;;;;AAIA;;;AAGA;AACA;AACA;AACA;AACA;AACA;AACA;AACA;AACA;AACA;;;AAGA;AACA;AACA;AACA;AACA;AACA;AACA;AACA;;AAEA;;;AAGA;AACA;AACA;AACA;;AAEA;AACA;;;;;","entry-package-info":"entry|1.0.0"}}
{"key": "entry|entry|1.0.0|node_modules/crypto-js/enc-utf16.js", "val": {"version":3,"file":"enc-utf16.js","sources":["entry/node_modules/crypto-js/enc-utf16.js"],"names":[],"mappings":";;;;;;;;;;;AAAA;AACA;AACA;AACA;;;AAGA;;;;AAIA;AACA;;AAEA;AACA;AACA;AACA;AACA;AACA;AACA;AACA;AACA;AACA;AACA;AACA;;AAEA;AACA;AACA;AACA;AACA;AACA;AACA;AACA;AACA;AACA;AACA;AACA;AACA;AACA;AACA;AACA;AACA;AACA;AACA;AACA;AACA;;;;AAIA;AACA;;AAEA;AACA;AACA;AACA;AACA;AACA;AACA;AACA;AACA;AACA;AACA;AACA;AACA;AACA;AACA;AACA;AACA;AACA;AACA;AACA;AACA;;;AAGA;;;AAGA;AACA;AACA;AACA;AACA;;AAEA;AACA;AACA;AACA;AACA;AACA;AACA;AACA;AACA;AACA;AACA;AACA;AACA;AACA;AACA;AACA;AACA;AACA;AACA;AACA;AACA;;;;AAIA;AACA;;AAEA;AACA;AACA;AACA;AACA;AACA;AACA;AACA;AACA;AACA;AACA;AACA;AACA;AACA;AACA;AACA;AACA;AACA;AACA;AACA;AACA;;;AAGA;;;AAGA;AACA;AACA;AACA;;AAEA;AACA;AACA;AACA;AACA;AACA;;;;;","entry-package-info":"entry|1.0.0"}}
{"key": "entry|entry|1.0.0|node_modules/crypto-js/lib-typedarrays.js", "val": {"version":3,"file":"lib-typedarrays.js","sources":["entry/node_modules/crypto-js/lib-typedarrays.js"],"names":[],"mappings":";;;;;;;;;;;AAAA;AACA;AACA;AACA;;;AAGA;;;;AAIA;AACA;;AAEA;AACA;AACA;AACA;AACA;AACA;;AAEA;AACA;AACA;AACA;AACA;AACA;AACA;AACA;AACA;AACA;;AAEA;AACA;AACA;;AAEA;AACA;;;;;;;;;;;AAWA;;AAEA;AACA;AACA;AACA;AACA;AACA;AACA;AACA;AACA;;;AAGA;AACA;;AAEA;AACA;;;AAGA;AACA;AACA;AACA;AACA;AACA;AACA;AACA;AACA;;;;;","entry-package-info":"entry|1.0.0"}}
{"key": "entry|entry|1.0.0|node_modules/crypto-js/md5.js", "val": {"version":3,"file":"md5.js","sources":["entry/node_modules/crypto-js/md5.js"],"names":[],"mappings":";;;;;;;;;;;AAAA;AACA;AACA;AACA;;;AAGA;;;;AAIA;AACA;;AAEA;AACA;;AAEA;AACA;AACA;AACA;AACA;AACA;AACA;AACA;AACA;AACA;AACA;AACA;AACA;;;AAGA;AACA;AACA;AACA;AACA;;;;;;AAMA;;AAEA;AACA;AACA;AACA;AACA;AACA;AACA;AACA;;AAEA;AACA;AACA;;AAEA;AACA;;AAEA;;;;;;;;;;;;;;;;;AAiBA;AACA;AACA;AACA;AACA;AACA;AACA;AACA;;;;;;;;;;;;;;;;;AAiBA;;;;;;;;;;;;;;;;;AAiBA;;;;;;;;;;;;;;;;;AAiBA;;;;;;;;;;;;;;;;;AAiBA;AACA;AACA;AACA;AACA;AACA;;AAEA;;AAEA;AACA;AACA;AACA;;;AAGA;AACA;AACA;AACA;;AAEA;AACA;AACA;AACA;AACA;AACA;AACA;AACA;AACA;AACA;AACA;AACA;AACA;AACA;AACA;AACA;AACA;AACA;AACA;AACA;AACA;AACA;AACA;AACA;AACA;AACA;;AAEA;AACA;;;AAGA;;;;AAIA;;;AAGA;AACA;AACA;;AAEA;;AAEA;AACA;;AAEA;;AAEA;AACA;AACA;AACA;;AAEA;AACA;AACA;AACA;;AAEA;AACA;AACA;AACA;AACA;AACA;AACA;AACA;AACA;AACA;AACA;AACA;AACA;AACA;AACA;;AAEA;AACA;AACA;AACA;AACA;AACA;AACA;AACA;AACA;AACA;AACA;AACA;AACA;AACA;AACA;;;AAGA;AACA;AACA;AACA;AACA;;;;;","entry-package-info":"entry|1.0.0"}}
{"key": "entry|entry|1.0.0|node_modules/crypto-js/sha256.js", "val": {"version":3,"file":"sha256.js","sources":["entry/node_modules/crypto-js/sha256.js"],"names":[],"mappings":";;;;;;;;;;;AAAA;AACA;AACA;AACA;;;AAGA;;;;AAIA;AACA;;AAEA;AACA;;AAEA;AACA;AACA;AACA;AACA;AACA;AACA;AACA;AACA;AACA;AACA;AACA;AACA;AACA;;AAEA;AACA;;;;AAIA;;;AAGA;AACA;AACA;;AAEA;AACA;AACA;AACA;AACA;AACA;AACA;;AAEA;AACA;;;AAGA;;;AAGA;AACA;AACA;AACA;AACA;AACA;AACA;AACA;;;AAGA;;AAEA;AACA;AACA;;AAEA;AACA;AACA;AACA;AACA;AACA;AACA;AACA;AACA;AACA;AACA;AACA;AACA;AACA;AACA;AACA;;AAEA;;AAEA;AACA;;AAEA;;AAEA;AACA;;;AAGA;AACA;AACA;AACA;AACA;AACA;AACA;AACA;AACA;AACA;;;;;;;;;;AAUA;AACA;AACA;AACA;AACA;AACA;AACA;AACA;AACA;AACA;;AAEA;;AAEA;AACA;AACA;AACA;;;AAGA;AACA;AACA;;AAEA;;AAEA;AACA;AACA;AACA;AACA;AACA;;AAEA;;;;AAIA;;;AAGA;AACA;AACA;AACA;AACA;AACA;AACA;AACA;AACA;AACA;AACA;AACA;AACA;AACA;AACA;AACA;;AAEA;AACA;AACA;AACA;AACA;AACA;AACA;AACA;AACA;AACA;AACA;AACA;AACA;AACA;AACA;;;AAGA;AACA;AACA;AACA;AACA;;;;;","entry-package-info":"entry|1.0.0"}}
{"key": "entry|entry|1.0.0|node_modules/crypto-js/enc-base64url.js", "val": {"version":3,"file":"enc-base64url.js","sources":["entry/node_modules/crypto-js/enc-base64url.js"],"names":[],"mappings":";;;;;;;;;;;AAAA;AACA;AACA;AACA;;;AAGA;;;;AAIA;AACA;;AAEA;AACA;AACA;AACA;AACA;AACA;AACA;AACA;AACA;AACA;AACA;AACA;AACA;AACA;AACA;AACA;AACA;AACA;AACA;AACA;AACA;AACA;AACA;AACA;AACA;AACA;AACA;AACA;AACA;AACA;;;AAGA;AACA;AACA;AACA;AACA;AACA;AACA;AACA;AACA;AACA;AACA;;AAEA;AACA;AACA;AACA;AACA;;;;;AAKA;AACA;;;AAGA;AACA;;;AAGA;AACA;;AAEA;AACA;AACA;AACA;AACA;AACA;AACA;AACA;AACA;AACA;AACA;AACA;AACA;AACA;AACA;AACA;AACA;AACA;;;AAGA;AACA;AACA;AACA;AACA;AACA;;AAEA;AACA;;;;AAIA;AACA;;;;AAIA;;;;AAIA;AACA;;AAEA;;AAEA;;;AAGA;AACA;;AAEA;AACA;AACA;AACA;;;AAGA;AACA;;;;;;AAMA;AACA;AACA;AACA;AACA;AACA;;;;;","entry-package-info":"entry|1.0.0"}}
{"key": "entry|entry|1.0.0|node_modules/crypto-js/enc-base64.js", "val": {"version":3,"file":"enc-base64.js","sources":["entry/node_modules/crypto-js/enc-base64.js"],"names":[],"mappings":";;;;;;;;;;;AAAA;AACA;AACA;AACA;;;AAGA;;;;AAIA;AACA;;AAEA;AACA;AACA;AACA;AACA;AACA;AACA;AACA;AACA;AACA;AACA;AACA;AACA;AACA;AACA;AACA;AACA;AACA;AACA;AACA;AACA;AACA;AACA;AACA;AACA;AACA;AACA;AACA;AACA;AACA;AACA;AACA;AACA;AACA;AACA;AACA;AACA;AACA;;AAEA;AACA;AACA;AACA;AACA;;;;;AAKA;AACA;;;AAGA;AACA;;;AAGA;AACA;;AAEA;AACA;AACA;AACA;AACA;AACA;AACA;AACA;AACA;AACA;AACA;AACA;AACA;AACA;AACA;AACA;AACA;AACA;AACA;AACA;;AAEA;AACA;;;;AAIA;AACA;;;;AAIA;;;;AAIA;AACA;;AAEA;;AAEA;;AAEA;AACA;;AAEA;AACA;AACA;AACA;;;AAGA;AACA;;;;;;AAMA;AACA;AACA;AACA;AACA;AACA;;;;;","entry-package-info":"entry|1.0.0"}}
{"key": "entry|entry|1.0.0|node_modules/crypto-js/sha1.js", "val": {"version":3,"file":"sha1.js","sources":["entry/node_modules/crypto-js/sha1.js"],"names":[],"mappings":";;;;;;;;;;;AAAA;AACA;AACA;AACA;;;AAGA;;;;AAIA;AACA;;AAEA;AACA;AACA;AACA;AACA;AACA;AACA;AACA;AACA;AACA;AACA;AACA;AACA;AACA;AACA;AACA;;;;;;AAMA;AACA;;AAEA;AACA;AACA;;AAEA;AACA;AACA;AACA;AACA;AACA;AACA;AACA;AACA;AACA;AACA;AACA;AACA;AACA;AACA;;AAEA;;AAEA;AACA;AACA;;AAEA;AACA;AACA;;;AAGA;;;;;;;AAOA;AACA;AACA;AACA;AACA;AACA;AACA;;AAEA;;AAEA;AACA;AACA;AACA;;;AAGA;AACA;AACA;;AAEA;;AAEA;AACA;AACA;AACA;AACA;AACA;;AAEA;;;;AAIA;;;AAGA;AACA;AACA;AACA;AACA;AACA;AACA;AACA;AACA;AACA;AACA;AACA;AACA;AACA;AACA;AACA;;AAEA;AACA;AACA;AACA;AACA;AACA;AACA;AACA;AACA;AACA;AACA;AACA;AACA;AACA;AACA;;AAEA;AACA;AACA;AACA;AACA;AACA;;;;;","entry-package-info":"entry|1.0.0"}}
{"key": "entry|entry|1.0.0|node_modules/crypto-js/ripemd160.js", "val": {"version":3,"file":"ripemd160.js","sources":["entry/node_modules/crypto-js/ripemd160.js"],"names":[],"mappings":";;;;;;;;;;;AAAA;AACA;AACA;AACA;;;AAGA;;;;AAIA;AACA;;AAEA;AACA;AACA;AACA;AACA;AACA;AACA;AACA;AACA;AACA;AACA;AACA;AACA;;AAEA;AACA;AACA;AACA;AACA;AACA;AACA;AACA;AACA;AACA;AACA;AACA;AACA;AACA;AACA;AACA;AACA;AACA;AACA;AACA;AACA;AACA;AACA;AACA;AACA;AACA;AACA;AACA;AACA;AACA;AACA;AACA;AACA;AACA;AACA;AACA;AACA;AACA;AACA;;;;;AAKA;AACA;AACA;AACA;AACA;AACA;AACA;AACA;AACA;AACA;;AAEA;AACA;AACA;;AAEA;;AAEA;AACA;AACA;AACA;AACA;AACA;AACA;AACA;;;AAGA;;;;;;AAMA;;AAEA;AACA;AACA;AACA;AACA;AACA;AACA;AACA;AACA;AACA;AACA;AACA;;AAEA;;;;;;;;AAQA;AACA;AACA;AACA;AACA;AACA;AACA;AACA;AACA;AACA;AACA;AACA;;AAEA;;;;;;;;;AASA;AACA;AACA;AACA;AACA;AACA;AACA;;AAEA;;AAEA;AACA;AACA;AACA;;;AAGA;AACA;AACA;AACA;AACA;AACA;AACA;AACA;AACA;AACA;AACA;AACA;AACA;AACA;AACA;AACA;AACA;AACA;AACA;AACA;AACA;AACA;AACA;AACA;;AAEA;AACA;;;AAGA;;;;AAIA;;;AAGA;AACA;AACA;;;AAGA;;AAEA;;AAEA;;AAEA;;AAEA;;AAEA;;AAEA;;AAEA;;AAEA;AACA;;AAEA;AACA;AACA;;AAEA;AACA;AACA;AACA;AACA;AACA;AACA;AACA;AACA;AACA;AACA;AACA;AACA;AACA;AACA;AACA;;AAEA;AACA;AACA;AACA;AACA;AACA;AACA;AACA;AACA;AACA;AACA;AACA;AACA;AACA;AACA;;;AAGA;AACA;AACA;AACA;AACA;;;;;","entry-package-info":"entry|1.0.0"}}
{"key": "entry|entry|1.0.0|node_modules/crypto-js/hmac.js", "val": {"version":3,"file":"hmac.js","sources":["entry/node_modules/crypto-js/hmac.js"],"names":[],"mappings":";;;;;;;;;;;AAAA;AACA;AACA;AACA;;;AAGA;;;;AAIA;AACA;;AAEA;AACA;AACA;AACA;AACA;AACA;AACA;AACA;AACA;AACA;AACA;AACA;AACA;AACA;;AAEA;AACA;AACA;AACA;AACA;AACA;AACA;AACA;AACA;AACA;AACA;AACA;;AAEA;AACA;AACA;;;AAGA;AACA;AACA;AACA;AACA;AACA;AACA;;;AAGA;AACA;AACA;AACA;AACA;;;AAGA;AACA;AACA;AACA;AACA;AACA;AACA;AACA;AACA;;;AAGA;AACA;AACA;;AAEA;AACA;AACA;AACA;AACA;AACA;AACA;AACA;;AAEA;AACA;AACA;AACA;AACA;;;AAGA;AACA;AACA;AACA;AACA;AACA;AACA;AACA;AACA;AACA;AACA;AACA;AACA;AACA;;AAEA;AACA;;;AAGA;AACA;AACA;AACA;AACA;AACA;AACA;AACA;AACA;AACA;AACA;AACA;AACA;AACA;AACA;AACA;AACA;AACA;AACA;AACA;;AAEA;AACA;AACA;;;AAGA;AACA;AACA;AACA;AACA;;;;;","entry-package-info":"entry|1.0.0"}}
{"key": "entry|entry|1.0.0|node_modules/crypto-js/sha512.js", "val": {"version":3,"file":"sha512.js","sources":["entry/node_modules/crypto-js/sha512.js"],"names":[],"mappings":";;;;;;;;;;;;AAAA;AACA;AACA;;;;AAIA;;;;AAIA;AACA;;AAEA;AACA;AACA;AACA;AACA;AACA;AACA;AACA;AACA;AACA;AACA;AACA;;;;AAIA;AACA;;AAEA;AACA;AACA;AACA;AACA;AACA;AACA;AACA;AACA;AACA;AACA;AACA;AACA;AACA;AACA;AACA;AACA;AACA;AACA;AACA;AACA;AACA;AACA;AACA;AACA;AACA;AACA;AACA;AACA;AACA;AACA;AACA;AACA;AACA;AACA;AACA;AACA;AACA;AACA;AACA;AACA;AACA;AACA;AACA;AACA;AACA;AACA;;AAEA;AACA;AACA;AACA;AACA;;;;AAIA;AACA;AACA;AACA;AACA;;AAEA;AACA;AACA;;AAEA;AACA;AACA;AACA;AACA;AACA;AACA;AACA;AACA;AACA;AACA;AACA;AACA;AACA;AACA;AACA;AACA;AACA;AACA;AACA;AACA;AACA;AACA;AACA;AACA;AACA;AACA;AACA;AACA;AACA;AACA;AACA;AACA;AACA;AACA;AACA;AACA;AACA;AACA;AACA;AACA;AACA;AACA;AACA;AACA;AACA;AACA;;;AAGA;AACA;AACA;AACA;AACA;AACA;AACA;AACA;AACA;AACA;;AAEA;AACA;AACA;AACA;AACA;AACA;;AAEA;AACA;AACA;AACA;AACA;AACA;;AAEA;AACA;AACA;;AAEA;AACA;AACA;AACA;;AAEA;;AAEA;;AAEA;AACA;AACA;;AAEA;AACA;AACA;AACA;AACA;AACA;AACA;AACA;AACA;AACA;AACA;AACA;AACA;AACA;AACA;AACA;AACA;;AAEA;;AAEA;;AAEA;;AAEA;AACA;AACA;;AAEA;AACA;;;;;;;;;;;;;;;;;;AAkBA;AACA;;;;;;;;;;;;;;;;;;AAkBA;;AAEA;AACA;AACA;AACA;;;AAGA;AACA;AACA;;AAEA;;AAEA;AACA;AACA;AACA;AACA;;AAEA;AACA;;;AAGA;;;;AAIA;;;AAGA;AACA;AACA;AACA;AACA;AACA;AACA;AACA;AACA;AACA;AACA;AACA;AACA;AACA;AACA;AACA;AACA;AACA;;AAEA;AACA;AACA;AACA;AACA;AACA;AACA;AACA;AACA;AACA;AACA;AACA;AACA;AACA;AACA;;AAEA;AACA;AACA;AACA;AACA;AACA;;;;;","entry-package-info":"entry|1.0.0"}}
{"key": "entry|entry|1.0.0|node_modules/crypto-js/sha3.js", "val": {"version":3,"file":"sha3.js","sources":["entry/node_modules/crypto-js/sha3.js"],"names":[],"mappings":";;;;;;;;;;;;AAAA;AACA;AACA;;;;AAIA;;;;AAIA;AACA;;AAEA;AACA;;AAEA;AACA;AACA;AACA;AACA;AACA;AACA;AACA;AACA;AACA;AACA;AACA;AACA;AACA;AACA;AACA;AACA;;AAEA;;AAEA;AACA;AACA;;;;AAIA;AACA;AACA;AACA;;;;AAIA;AACA;AACA;AACA;AACA;AACA;AACA;AACA;AACA;;AAEA;AACA;AACA;;;;AAIA;AACA;AACA;AACA;;AAEA;;;;AAIA;AACA;;AAEA;AACA;AACA;AACA;AACA;AACA;;;AAGA;AACA;AACA;AACA;AACA;;AAEA;AACA;AACA;AACA;AACA;AACA;AACA;AACA;AACA;;AAEA;AACA;;AAEA;AACA;;;AAGA;AACA;;AAEA;AACA;AACA;AACA;;AAEA;AACA;AACA;AACA;;AAEA;AACA;AACA;AACA;AACA;AACA;AACA;AACA;AACA;AACA;AACA;AACA;AACA;AACA;AACA;AACA;;AAEA;AACA;AACA;AACA;AACA;AACA;;AAEA;;AAEA;AACA;;AAEA;AACA;AACA;AACA;AACA;;AAEA;AACA;AACA;AACA;AACA;AACA;AACA;AACA;AACA;AACA;AACA;;AAEA;AACA;;;AAGA;AACA;AACA;;;AAGA;AACA;AACA;AACA;AACA;AACA;AACA;AACA;AACA;AACA;AACA;AACA;AACA;AACA;;AAEA;AACA;;AAEA;AACA;;AAEA;AACA;AACA;AACA;AACA;AACA;AACA;AACA;AACA;AACA;AACA;;AAEA;AACA;AACA;AACA;AACA;AACA;AACA;AACA;;;AAGA;AACA;AACA;AACA;AACA;AACA;;;AAGA;;AAEA;AACA;AACA;;;;AAIA;AACA;AACA;;;AAGA;AACA;AACA;AACA;AACA;AACA;;AAEA;AACA;AACA;AACA;AACA;AACA;AACA;AACA;AACA;AACA;AACA;AACA;AACA;AACA;AACA;AACA;AACA;AACA;AACA;AACA;AACA;AACA;AACA;;AAEA;AACA;;;AAGA;;;AAGA;AACA;AACA;AACA;;AAEA;;;AAGA;AACA;AACA;AACA;AACA;AACA;AACA;AACA;AACA;AACA;AACA;AACA;AACA;AACA;AACA;AACA;;AAEA;AACA;AACA;AACA;AACA;AACA;AACA;AACA;AACA;AACA;AACA;AACA;AACA;AACA;AACA;;;AAGA;AACA;AACA;AACA;AACA;;;;;","entry-package-info":"entry|1.0.0"}}
{"key": "entry|entry|1.0.0|node_modules/crypto-js/sha224.js", "val": {"version":3,"file":"sha224.js","sources":["entry/node_modules/crypto-js/sha224.js"],"names":[],"mappings":";;;;;;;;;;;;AAAA;AACA;AACA;;;;AAIA;;;;AAIA;AACA;;AAEA;AACA;AACA;AACA;AACA;AACA;AACA;AACA;AACA;AACA;AACA;AACA;AACA;;;;AAIA;AACA;AACA;;AAEA;;;AAGA;AACA;AACA;;;AAGA;AACA;AACA;AACA;AACA;AACA;AACA;AACA;AACA;AACA;AACA;AACA;AACA;AACA;AACA;AACA;;AAEA;AACA;AACA;AACA;AACA;AACA;AACA;AACA;AACA;AACA;AACA;AACA;AACA;AACA;AACA;;AAEA;AACA;AACA;AACA;AACA;AACA;;;;;","entry-package-info":"entry|1.0.0"}}
{"key": "entry|entry|1.0.0|node_modules/crypto-js/pbkdf2.js", "val": {"version":3,"file":"pbkdf2.js","sources":["entry/node_modules/crypto-js/pbkdf2.js"],"names":[],"mappings":";;;;;;;;;;;;;AAAA;AACA;AACA;;;;AAIA;AACA;;;AAGA;AACA;;AAEA;AACA;AACA;AACA;AACA;AACA;AACA;AACA;AACA;AACA;AACA;AACA;AACA;AACA;AACA;;AAEA;AACA;AACA;AACA;AACA;AACA;AACA;AACA;AACA;;;AAGA;AACA;AACA;AACA;AACA;AACA;AACA;AACA;AACA;AACA;AACA;AACA;AACA;AACA;AACA;;AAEA;AACA;AACA;AACA;AACA;AACA;AACA;AACA;AACA;AACA;AACA;AACA;AACA;AACA;AACA;AACA;AACA;AACA;AACA;AACA;AACA;AACA;;AAEA;AACA;AACA;AACA;AACA;AACA;AACA;AACA;AACA;AACA;AACA;AACA;AACA;AACA;AACA;AACA;AACA;AACA;AACA;;AAEA;AACA;AACA;AACA;AACA;AACA;AACA;;;;AAIA;AACA;AACA;;AAEA;AACA;;;AAGA;AACA;AACA;AACA;AACA;AACA;AACA;AACA;AACA;AACA;AACA;AACA;AACA;AACA;AACA;AACA;AACA;AACA;AACA;;AAEA;AACA;AACA;AACA;AACA;AACA;AACA;AACA;;;;;","entry-package-info":"entry|1.0.0"}}
{"key": "entry|entry|1.0.0|node_modules/crypto-js/evpkdf.js", "val": {"version":3,"file":"evpkdf.js","sources":["entry/node_modules/crypto-js/evpkdf.js"],"names":[],"mappings":";;;;;;;;;;;;;AAAA;AACA;AACA;;;;AAIA;AACA;;;AAGA;AACA;;AAEA;AACA;AACA;AACA;AACA;AACA;AACA;AACA;AACA;AACA;AACA;AACA;AACA;AACA;AACA;;AAEA;AACA;AACA;AACA;AACA;AACA;AACA;AACA;AACA;;;AAGA;AACA;AACA;AACA;AACA;AACA;AACA;AACA;AACA;AACA;AACA;AACA;AACA;AACA;AACA;;AAEA;AACA;AACA;AACA;AACA;AACA;AACA;AACA;AACA;AACA;AACA;AACA;AACA;AACA;;AAEA;AACA;AACA;AACA;AACA;;AAEA;AACA;AACA;AACA;AACA;AACA;AACA;AACA;AACA;AACA;AACA;;AAEA;;AAEA;AACA;AACA;AACA;AACA;;AAEA;;AAEA;AACA;;AAEA;AACA;;;AAGA;AACA;AACA;AACA;AACA;AACA;AACA;AACA;AACA;AACA;AACA;AACA;AACA;AACA;AACA;AACA;AACA;AACA;AACA;;AAEA;AACA;AACA;AACA;AACA;AACA;AACA;AACA;;;;;","entry-package-info":"entry|1.0.0"}}
{"key": "entry|entry|1.0.0|node_modules/crypto-js/sha384.js", "val": {"version":3,"file":"sha384.js","sources":["entry/node_modules/crypto-js/sha384.js"],"names":[],"mappings":";;;;;;;;;;;;;AAAA;AACA;AACA;;;;AAIA;AACA;;;AAGA;AACA;;AAEA;AACA;AACA;AACA;AACA;AACA;AACA;AACA;AACA;AACA;AACA;AACA;AACA;AACA;;;;AAIA;AACA;AACA;AACA;AACA;;AAEA;;;AAGA;AACA;AACA;;;AAGA;AACA;AACA;AACA;AACA;AACA;AACA;AACA;AACA;AACA;AACA;AACA;AACA;AACA;AACA;AACA;;AAEA;AACA;AACA;AACA;AACA;AACA;AACA;AACA;AACA;AACA;AACA;AACA;AACA;AACA;AACA;;AAEA;AACA;AACA;AACA;AACA;AACA;;;;;","entry-package-info":"entry|1.0.0"}}
{"key": "entry|entry|1.0.0|node_modules/crypto-js/cipher-core.js", "val": {"version":3,"file":"cipher-core.js","sources":["entry/node_modules/crypto-js/cipher-core.js"],"names":[],"mappings":";;;;;;;;;;;;AAAA;AACA;AACA;;;;AAIA;;;;AAIA;AACA;;AAEA;AACA;AACA;AACA;AACA;;AAEA;AACA;AACA;AACA;AACA;AACA;AACA;AACA;AACA;AACA;AACA;AACA;AACA;AACA;AACA;AACA;AACA;AACA;AACA;AACA;;AAEA;AACA;AACA;AACA;AACA;AACA;AACA;AACA;AACA;AACA;AACA;AACA;AACA;AACA;AACA;AACA;AACA;AACA;AACA;AACA;AACA;AACA;AACA;;AAEA;AACA;AACA;AACA;AACA;AACA;AACA;AACA;AACA;AACA;AACA;AACA;AACA;AACA;AACA;AACA;AACA;;AAEA;AACA;AACA;AACA;AACA;AACA;AACA;AACA;AACA;AACA;AACA;AACA;;AAEA;AACA;AACA;AACA;AACA;AACA;AACA;AACA;AACA;;AAEA;AACA;AACA;AACA;AACA;AACA;AACA;AACA;;AAEA;;AAEA;AACA;AACA;;AAEA;AACA;AACA;AACA;AACA;AACA;AACA;AACA;AACA;AACA;AACA;AACA;AACA;AACA;AACA;AACA;AACA;AACA;AACA;;AAEA;AACA;AACA;AACA;AACA;AACA;AACA;AACA;AACA;AACA;AACA;AACA;AACA;AACA;AACA;AACA;AACA;;AAEA;;AAEA;AACA;AACA;AACA;;;AAGA;AACA;AACA;AACA;AACA;;AAEA;;AAEA;AACA;AACA;AACA;AACA;AACA;AACA;AACA;AACA;AACA;AACA;AACA;AACA;AACA;;AAEA;AACA;;AAEA;;;;AAIA;;AAEA;;AAEA;;AAEA;;AAEA;;AAEA;AACA;AACA;AACA;AACA;AACA;AACA;AACA;AACA;AACA;;;AAGA;;AAEA;;;AAGA;;AAEA;AACA;AACA;AACA;AACA;;AAEA;AACA;AACA;AACA;;AAEA;AACA;AACA;AACA;AACA;AACA;AACA;AACA;AACA;AACA;AACA;AACA;AACA;;;AAGA;AACA;AACA;AACA;AACA;AACA;AACA;AACA;AACA;AACA;AACA;AACA;AACA;AACA;;;AAGA;AACA;AACA;AACA;AACA;AACA;AACA;AACA;AACA;AACA;AACA;AACA;AACA;AACA;;AAEA;AACA;AACA;AACA;AACA;AACA;AACA;AACA;AACA;AACA;AACA;AACA;AACA;AACA;AACA;AACA;AACA;AACA;AACA;AACA;AACA;AACA;AACA;AACA;AACA;AACA;AACA;AACA;AACA;AACA;AACA;AACA;;AAEA;AACA;AACA;;AAEA;AACA;AACA;AACA;AACA;AACA;AACA;AACA;AACA;AACA;AACA;AACA;AACA;AACA;AACA;AACA;AACA;AACA;AACA;AACA;AACA;AACA;AACA;AACA;AACA;;AAEA;AACA;AACA;AACA;;AAEA;AACA;;;AAGA;AACA;AACA;AACA;AACA;;;AAGA;AACA;AACA;AACA;AACA;;AAEA;AACA;AACA;;;;AAIA;;;AAGA;AACA;AACA;AACA;;AAEA;AACA;AACA;AACA;AACA;AACA;AACA;AACA;AACA;AACA;AACA;AACA;AACA;AACA;AACA;AACA;AACA;AACA;AACA;AACA;AACA;AACA;;AAEA;AACA;AACA;AACA;AACA;AACA;AACA;AACA;;;AAGA;AACA;AACA;;AAEA;AACA;AACA;AACA;AACA;AACA;AACA;AACA;AACA;AACA;AACA;AACA;AACA;AACA;AACA;AACA;AACA;AACA;;AAEA;AACA;AACA;AACA;AACA;AACA;AACA;;AAEA;AACA;AACA;AACA;AACA;AACA;AACA;;;AAGA;AACA;;;AAGA;AACA;;AAEA;AACA;AACA;AACA;AACA;AACA;AACA;;AAEA;AACA;AACA;AACA;AACA;;AAEA;AACA;AACA;AACA;AACA;AACA;;;AAGA;AACA;;;AAGA;;;AAGA;AACA;;AAEA;AACA;;AAEA;AACA;AACA;AACA;;AAEA;AACA;;AAEA;AACA;AACA;;AAEA;;;AAGA;AACA;AACA;AACA;AACA;AACA;AACA;AACA;AACA;AACA;AACA;AACA;AACA;AACA;AACA;AACA;AACA;;AAEA;AACA;AACA;AACA;AACA;AACA;AACA;AACA;AACA;AACA;AACA;AACA;AACA;AACA;AACA;AACA;AACA;AACA;AACA;AACA;AACA;;AAEA;AACA;AACA;AACA;AACA;AACA;AACA;AACA;AACA;AACA;AACA;AACA;AACA;AACA;AACA;AACA;AACA;AACA;;AAEA;AACA;AACA;AACA;AACA;;AAEA;AACA;AACA;AACA;AACA;AACA;AACA;AACA;AACA;AACA;AACA;AACA;AACA;AACA;AACA;AACA;AACA;AACA;AACA;;AAEA;AACA;AACA;AACA;AACA;AACA;;;AAGA;;;AAGA;AACA;;AAEA;AACA;AACA;AACA;AACA;AACA;AACA;AACA;AACA;AACA;AACA;AACA;AACA;AACA;AACA;;AAEA;AACA;;AAEA;AACA;AACA;AACA;AACA;AACA;AACA;AACA;AACA;AACA;;AAEA;;AAEA;AACA;;AAEA;AACA;AACA;AACA;AACA;;AAEA;AACA;AACA;AACA;AACA;AACA;;AAEA;AACA;AACA;AACA;AACA;AACA;AACA;AACA;AACA;AACA;AACA;AACA;AACA;AACA;AACA;AACA;AACA;AACA;AACA;AACA;;AAEA;;AAEA;AACA;;;AAGA;AACA;AACA;AACA;AACA;AACA;;;AAGA;;AAEA;AACA;AACA;AACA;AACA;;AAEA;AACA;AACA;AACA;AACA;AACA;AACA;AACA;AACA;AACA;AACA;AACA;AACA;AACA;AACA;AACA;AACA;AACA;;AAEA;;AAEA;AACA;AACA;AACA;AACA;AACA;AACA;;;AAGA;AACA;AACA;AACA;AACA;AACA;AACA;AACA;AACA;AACA;AACA;AACA;AACA;AACA;AACA;AACA;AACA;AACA;;AAEA;;;;AAIA;AACA;AACA;AACA;AACA;;AAEA;AACA;AACA;AACA;AACA;AACA;AACA;AACA;AACA;AACA;AACA;AACA;AACA;AACA;AACA;AACA;AACA;AACA;AACA;AACA;AACA;AACA;AACA;AACA;;;;AAIA;AACA;;;AAGA;;;AAGA;AACA;AACA;;AAEA;AACA;AACA;AACA;;AAEA;AACA;AACA;AACA;AACA;AACA;;AAEA;AACA;AACA;AACA;AACA;AACA;;AAEA;AACA;AACA;AACA;AACA;AACA;AACA;AACA;AACA;AACA;AACA;AACA;AACA;AACA;AACA;AACA;AACA;AACA;AACA;;AAEA;;AAEA;AACA;;AAEA;AACA;AACA;AACA;AACA;;AAEA;AACA;AACA;AACA;;;AAGA;AACA;AACA;AACA;AACA;AACA;AACA;AACA;AACA;AACA;AACA;AACA;AACA;AACA;AACA;AACA;AACA;AACA;;AAEA;;AAEA;AACA;AACA;AACA;AACA;;AAEA;AACA;AACA;AACA;AACA;;AAEA;;;AAGA;;AAEA;AACA;AACA;;;;;","entry-package-info":"entry|1.0.0"}}
{"key": "entry|entry|1.0.0|node_modules/crypto-js/mode-ctr-gladman.js", "val": {"version":3,"file":"mode-ctr-gladman.js","sources":["entry/node_modules/crypto-js/mode-ctr-gladman.js"],"names":[],"mappings":";;;;;;;;;;;;AAAA;AACA;AACA;;;;AAIA;;;;AAIA;AACA;;AAEA;AACA;AACA;AACA;AACA;AACA;AACA;AACA;;AAEA;;;;;;AAMA;AACA;;;;;;;;;;;AAWA;;;;;AAKA;;;;;AAKA;;;;AAIA;;AAEA;AACA;;;AAGA;;AAEA;;;;AAIA;;;AAGA;;AAEA;AACA;;;;AAIA;;AAEA;AACA;AACA;AACA;AACA;AACA;AACA;AACA;;AAEA;AACA;AACA;AACA;;AAEA;AACA;AACA;;;AAGA;AACA;AACA;;;;AAIA;AACA;AACA;AACA;;;AAGA;AACA;AACA;AACA;AACA;AACA;AACA;;;;;","entry-package-info":"entry|1.0.0"}}
{"key": "entry|entry|1.0.0|node_modules/crypto-js/mode-cfb.js", "val": {"version":3,"file":"mode-cfb.js","sources":["entry/node_modules/crypto-js/mode-cfb.js"],"names":[],"mappings":";;;;;;;;;;;;AAAA;AACA;AACA;;;;AAIA;;;;AAIA;AACA;;AAEA;AACA;AACA;AACA;AACA;AACA;;AAEA;AACA;AACA;AACA;AACA;AACA;AACA;AACA;AACA;AACA;AACA;;AAEA;AACA;AACA;AACA;AACA;AACA;AACA;AACA;AACA;AACA;AACA;AACA;AACA;AACA;AACA;;AAEA;AACA;;;AAGA;AACA;AACA;AACA;AACA;;;AAGA;AACA;AACA;AACA;AACA;;;AAGA;AACA;AACA;;;;AAIA;;;AAGA;AACA;AACA;AACA;AACA;;;;;","entry-package-info":"entry|1.0.0"}}
{"key": "entry|entry|1.0.0|node_modules/crypto-js/mode-ctr.js", "val": {"version":3,"file":"mode-ctr.js","sources":["entry/node_modules/crypto-js/mode-ctr.js"],"names":[],"mappings":";;;;;;;;;;;;AAAA;AACA;AACA;;;;AAIA;;;;AAIA;AACA;;AAEA;AACA;AACA;AACA;AACA;AACA;;AAEA;;AAEA;AACA;AACA;AACA;AACA;AACA;AACA;AACA;;AAEA;AACA;AACA;AACA;;;;AAIA;AACA;AACA;AACA;AACA;AACA;;;;AAIA;AACA;AACA;AACA;;;AAGA;AACA;AACA;AACA;AACA;;;;;","entry-package-info":"entry|1.0.0"}}
{"key": "entry|entry|1.0.0|node_modules/crypto-js/mode-ecb.js", "val": {"version":3,"file":"mode-ecb.js","sources":["entry/node_modules/crypto-js/mode-ecb.js"],"names":[],"mappings":";;;;;;;;;;;;AAAA;AACA;AACA;;;;AAIA;;;;AAIA;AACA;;AAEA;AACA;AACA;AACA;AACA;AACA;;AAEA;AACA;AACA;;;AAGA;AACA;AACA;AACA;;;AAGA;AACA;;;AAGA;AACA;AACA;AACA;AACA;;;;;","entry-package-info":"entry|1.0.0"}}
{"key": "entry|entry|1.0.0|node_modules/crypto-js/mode-ofb.js", "val": {"version":3,"file":"mode-ofb.js","sources":["entry/node_modules/crypto-js/mode-ofb.js"],"names":[],"mappings":";;;;;;;;;;;;AAAA;AACA;AACA;;;;AAIA;;;;AAIA;AACA;;AAEA;AACA;AACA;AACA;AACA;AACA;;AAEA;;AAEA;AACA;AACA;AACA;AACA;AACA;AACA;AACA;;AAEA;AACA;AACA;AACA;;;AAGA;AACA;AACA;;;;AAIA;AACA;AACA;AACA;;;AAGA;AACA;AACA;AACA;AACA;;;;;","entry-package-info":"entry|1.0.0"}}
{"key": "entry|entry|1.0.0|node_modules/crypto-js/pad-ansix923.js", "val": {"version":3,"file":"pad-ansix923.js","sources":["entry/node_modules/crypto-js/pad-ansix923.js"],"names":[],"mappings":";;;;;;;;;;;;AAAA;AACA;AACA;;;;AAIA;;;;AAIA;AACA;;AAEA;AACA;AACA;AACA;AACA;AACA;AACA;AACA;AACA;AACA;AACA;AACA;;AAEA;AACA;;AAEA;AACA;AACA;;AAEA;;AAEA;AACA;AACA;AACA;AACA;AACA;AACA;;AAEA;AACA;AACA;AACA;AACA;AACA;;;;;","entry-package-info":"entry|1.0.0"}}
{"key": "entry|entry|1.0.0|node_modules/crypto-js/pad-iso97971.js", "val": {"version":3,"file":"pad-iso97971.js","sources":["entry/node_modules/crypto-js/pad-iso97971.js"],"names":[],"mappings":";;;;;;;;;;;;AAAA;AACA;AACA;;;;AAIA;;;;AAIA;AACA;;AAEA;AACA;AACA;AACA;AACA;AACA;AACA;AACA;AACA;AACA;AACA;AACA;;AAEA;AACA;AACA;;AAEA;AACA;AACA;;AAEA;AACA;AACA;AACA;AACA;AACA;;;;;","entry-package-info":"entry|1.0.0"}}
{"key": "entry|entry|1.0.0|node_modules/crypto-js/pad-iso10126.js", "val": {"version":3,"file":"pad-iso10126.js","sources":["entry/node_modules/crypto-js/pad-iso10126.js"],"names":[],"mappings":";;;;;;;;;;;;AAAA;AACA;AACA;;;;AAIA;;;;AAIA;AACA;;AAEA;AACA;AACA;AACA;AACA;AACA;AACA;AACA;AACA;AACA;AACA;;AAEA;AACA;AACA;AACA;;AAEA;AACA;AACA;AACA;AACA;AACA;AACA;;AAEA;AACA;AACA;AACA;AACA;AACA;;;;;","entry-package-info":"entry|1.0.0"}}
{"key": "entry|entry|1.0.0|node_modules/crypto-js/pad-zeropadding.js", "val": {"version":3,"file":"pad-zeropadding.js","sources":["entry/node_modules/crypto-js/pad-zeropadding.js"],"names":[],"mappings":";;;;;;;;;;;;AAAA;AACA;AACA;;;;AAIA;;;;AAIA;AACA;;AAEA;AACA;AACA;AACA;AACA;AACA;AACA;AACA;AACA;AACA;AACA;AACA;AACA;;AAEA;AACA;AACA;AACA;AACA;AACA;;AAEA;;AAEA;AACA;;;;AAIA;AACA;AACA;AACA;AACA;AACA;;;;;","entry-package-info":"entry|1.0.0"}}
{"key": "entry|entry|1.0.0|node_modules/crypto-js/pad-nopadding.js", "val": {"version":3,"file":"pad-nopadding.js","sources":["entry/node_modules/crypto-js/pad-nopadding.js"],"names":[],"mappings":";;;;;;;;;;;;AAAA;AACA;AACA;;;;AAIA;;;;AAIA;AACA;;AAEA;AACA;AACA;AACA;AACA;AACA;;;AAGA;;;AAGA;AACA;AACA;AACA;AACA;AACA;;;;;","entry-package-info":"entry|1.0.0"}}
{"key": "entry|entry|1.0.0|node_modules/crypto-js/format-hex.js", "val": {"version":3,"file":"format-hex.js","sources":["entry/node_modules/crypto-js/format-hex.js"],"names":[],"mappings":";;;;;;;;;;;;AAAA;AACA;AACA;;;;AAIA;;;;AAIA;AACA;;AAEA;AACA;;AAEA;AACA;AACA;AACA;AACA;AACA;AACA;AACA;AACA;AACA;AACA;AACA;AACA;AACA;AACA;AACA;AACA;AACA;AACA;AACA;AACA;AACA;AACA;;;AAGA;AACA;AACA;AACA;AACA;AACA;AACA;AACA;AACA;AACA;AACA;AACA;AACA;AACA;AACA;;;;AAIA;AACA;AACA;AACA;AACA;AACA;AACA;;;;;","entry-package-info":"entry|1.0.0"}}
{"key": "entry|entry|1.0.0|node_modules/crypto-js/rc4.js", "val": {"version":3,"file":"rc4.js","sources":["entry/node_modules/crypto-js/rc4.js"],"names":[],"mappings":";;;;;;;;;;;;;;;AAAA;AACA;AACA;AACA;;;AAGA;AACA;;;AAGA;AACA;;AAEA;AACA;AACA;AACA;AACA;AACA;AACA;AACA;AACA;AACA;AACA;AACA;;;AAGA;AACA;AACA;AACA;AACA;AACA;;AAEA;AACA;;AAEA;AACA;AACA;AACA;;AAEA;AACA;AACA;AACA;AACA;;AAEA;;AAEA;AACA;;;AAGA;AACA;;;AAGA;AACA;AACA;;AAEA;AACA;;AAEA;AACA;AACA;AACA;AACA;AACA;AACA;AACA;;;AAGA;AACA;AACA;;AAEA;AACA;;;AAGA;AACA;AACA;AACA;AACA;;;AAGA;AACA;AACA;AACA;AACA;AACA;AACA;AACA;AACA;;AAEA;AACA;AACA;AACA;;AAEA;AACA;AACA;AACA;AACA;AACA;;AAEA;AACA;;;AAGA;AACA;AACA;AACA;;;AAGA;AACA;AACA;AACA;AACA;AACA;AACA;AACA;AACA;AACA;;AAEA;AACA;AACA;AACA;AACA;AACA;;;;;","entry-package-info":"entry|1.0.0"}}
{"key": "entry|entry|1.0.0|node_modules/crypto-js/tripledes.js", "val": {"version":3,"file":"tripledes.js","sources":["entry/node_modules/crypto-js/tripledes.js"],"names":[],"mappings":";;;;;;;;;;;;;;;AAAA;AACA;AACA;AACA;;;AAGA;AACA;;;AAGA;AACA;;AAEA;AACA;AACA;AACA;AACA;AACA;AACA;AACA;AACA;AACA;AACA;;AAEA;AACA;AACA;AACA;AACA;AACA;AACA;AACA;AACA;AACA;;;;;;;;;;AAUA;AACA;AACA;AACA;AACA;AACA;;;;;;;;;;;;;;;;;;;;;;;;;;;;;;;;;;;;;;;;;;;;;;;;;;;;;;;;;;;;;;;;;;;;;;;;;;;;;;;;;;;;;;;;;;;;;;;;;;;;;;;;;;;;;;;;;;;;;;;;;;;;;;;;;;;;;;;;;;;;;;;;;;;;;;;;;;;;;;;;;;;;;;;;;;;;;;;;;;;;;;;;;;;;;;;;;;;;;;;;;;;;;;;;;;;;;;;;;;;;;;;;;;;;;;;;;;;;;;;;;;;;;;;;;;;;;;;;;;;;;;;;;;;;;;;;;;;;;;;;;;;;;;;;;;;;;;;;;;;;;;;;;;;;;;;;;;;;;;;;;;;;;;;;;;;;;;;;;;;;;;;;;;;;;;;;;;;;;;;;;;;;;;;;;;;;;;;;;;;;;;;;;;;;;;;;;;;;;;;;;;;;;;;;;;;;;;;;;;;;;;;;;;;;;;;;;;;;;;;;;;;;;;;;;;;;;;;;;;;;;;;;;;;;;;;;;;;;;;;;;;;;;;;;;;;;;;;;;;;;;;;;;;;;;;;;;;;;;;;;;;;;;;;;;;AAkhBA;AACA;AACA;;AAEA;AACA;AACA;AACA;AACA;AACA;AACA;;;AAGA;AACA;AACA;AACA;AACA;AACA;AACA;;;;AAIA;AACA;;AAEA;AACA;;AAEA;AACA;AACA;AACA;AACA;AACA;AACA;AACA;AACA;AACA;AACA;;AAEA;AACA;AACA;AACA;;AAEA;AACA;;;;AAIA;AACA;;AAEA;;;;AAIA;AACA;AACA;;AAEA;AACA;AACA;;AAEA;;AAEA;;;AAGA;AACA;;;;;;AAMA;AACA;AACA;AACA;AACA;AACA;AACA;AACA;AACA;AACA;AACA;;;AAGA;AACA;;AAEA;AACA;AACA;AACA;AACA;AACA;AACA;;;;;;AAMA;AACA;;;;AAIA;AACA;AACA;AACA;AACA;AACA;AACA;AACA;AACA;AACA;AACA;AACA;AACA;;AAEA;AACA;AACA;AACA;AACA;;AAEA;AACA;AACA;AACA;AACA;AACA;AACA;AACA;AACA;;AAEA;AACA;AACA;AACA;;;AAGA;AACA;AACA;AACA;AACA;AACA;;AAEA;AACA;;;;AAIA;AACA;AACA;AACA;AACA;;AAEA;AACA;;;;;AAKA;AACA;;;;;AAKA;AACA;AACA;AACA;AACA;AACA;AACA;AACA;AACA;AACA;AACA;AACA;AACA;AACA;AACA;AACA;;AAEA;AACA;AACA;AACA;AACA;AACA;;;;;","entry-package-info":"entry|1.0.0"}}
{"key": "entry|entry|1.0.0|node_modules/crypto-js/rabbit.js", "val": {"version":3,"file":"rabbit.js","sources":["entry/node_modules/crypto-js/rabbit.js"],"names":[],"mappings":";;;;;;;;;;;;;;;AAAA;AACA;AACA;AACA;;;AAGA;AACA;;;AAGA;AACA;;AAEA;AACA;AACA;AACA;AACA;AACA;AACA;AACA;AACA;AACA;AACA;AACA;AACA;AACA;AACA;AACA;AACA;;;AAGA;;;AAGA;AACA;AACA;;AAEA;;AAEA;AACA;AACA;AACA;AACA;AACA;AACA;AACA;AACA;AACA;AACA;AACA;AACA;AACA;AACA;AACA;AACA;AACA;AACA;AACA;AACA;AACA;AACA;;AAEA;AACA;AACA;AACA;;AAEA;AACA;;AAEA;AACA;AACA;AACA;AACA;AACA;AACA;AACA;AACA;AACA;AACA;AACA;AACA;AACA;AACA;AACA;AACA;AACA;AACA;AACA;AACA;AACA;AACA;AACA;;;;AAIA;AACA;AACA;AACA;AACA;AACA;AACA;AACA;AACA;;;;;AAKA;AACA;AACA;;AAEA;AACA;AACA;;;;AAIA;AACA;AACA;AACA;AACA;AACA;;AAEA;AACA;AACA;AACA;AACA;AACA;;;AAGA;AACA;AACA;AACA;AACA;AACA;AACA;AACA;AACA;AACA;;AAEA;AACA;AACA;AACA;AACA;AACA;AACA;AACA;AACA;AACA;;;AAGA;AACA;;;AAGA;AACA;;AAEA;;AAEA;;AAEA;;AAEA;;AAEA;AACA;AACA;AACA;AACA;AACA;AACA;AACA;AACA;;AAEA;AACA;AACA;AACA;AACA;AACA;;;;;","entry-package-info":"entry|1.0.0"}}
{"key": "entry|entry|1.0.0|node_modules/crypto-js/rabbit-legacy.js", "val": {"version":3,"file":"rabbit-legacy.js","sources":["entry/node_modules/crypto-js/rabbit-legacy.js"],"names":[],"mappings":";;;;;;;;;;;;;;;AAAA;AACA;AACA;AACA;;;AAGA;AACA;;;AAGA;AACA;;AAEA;AACA;AACA;AACA;AACA;AACA;AACA;AACA;AACA;AACA;AACA;AACA;AACA;AACA;AACA;AACA;AACA;AACA;AACA;AACA;AACA;;;AAGA;;;AAGA;AACA;AACA;AACA;AACA;AACA;AACA;AACA;AACA;AACA;AACA;AACA;AACA;AACA;AACA;AACA;AACA;AACA;AACA;AACA;AACA;AACA;AACA;;AAEA;AACA;AACA;AACA;;AAEA;AACA;;AAEA;AACA;AACA;AACA;AACA;AACA;AACA;AACA;AACA;AACA;AACA;AACA;AACA;AACA;AACA;AACA;AACA;AACA;AACA;AACA;AACA;AACA;AACA;AACA;;;;AAIA;AACA;AACA;AACA;AACA;AACA;AACA;AACA;AACA;;;;;AAKA;AACA;AACA;;AAEA;AACA;AACA;;;;AAIA;AACA;AACA;AACA;AACA;AACA;;AAEA;AACA;AACA;AACA;AACA;AACA;;;AAGA;AACA;AACA;AACA;AACA;AACA;AACA;AACA;AACA;AACA;;AAEA;AACA;AACA;AACA;AACA;AACA;AACA;AACA;AACA;AACA;;;AAGA;AACA;;;AAGA;AACA;;AAEA;;AAEA;;AAEA;;AAEA;;AAEA;AACA;AACA;AACA;AACA;AACA;AACA;AACA;AACA;;AAEA;AACA;AACA;AACA;AACA;AACA;;;;;","entry-package-info":"entry|1.0.0"}}
{"key": "entry|entry|1.0.0|node_modules/crypto-js/blowfish.js", "val": {"version":3,"file":"blowfish.js","sources":["entry/node_modules/crypto-js/blowfish.js"],"names":[],"mappings":";;;;;;;;;;;;;;;AAAA;AACA;AACA;AACA;;;AAGA;AACA;;;AAGA;AACA;;AAEA;AACA;AACA;AACA;AACA;AACA;AACA;AACA;AACA;AACA;AACA;AACA;;AAEA;AACA;AACA;AACA;;AAEA;AACA;;AAEA;AACA;AACA;AACA;AACA;AACA;AACA;AACA;AACA;AACA;AACA;AACA;AACA;AACA;AACA;AACA;AACA;AACA;AACA;AACA;AACA;AACA;AACA;AACA;AACA;AACA;AACA;AACA;AACA;AACA;AACA;AACA;AACA;AACA;AACA;AACA;AACA;AACA;AACA;AACA;AACA;AACA;AACA;AACA;AACA;AACA;AACA;AACA;AACA;AACA;AACA;AACA;AACA;AACA;AACA;AACA;AACA;AACA;AACA;AACA;AACA;AACA;AACA;AACA;AACA;AACA;AACA;AACA;AACA;AACA;AACA;AACA;AACA;AACA;AACA;AACA;AACA;AACA;AACA;AACA;AACA;AACA;AACA;AACA;AACA;AACA;AACA;AACA;AACA;AACA;AACA;AACA;AACA;AACA;AACA;AACA;AACA;AACA;AACA;AACA;AACA;AACA;AACA;AACA;AACA;AACA;AACA;AACA;AACA;AACA;AACA;AACA;AACA;AACA;AACA;AACA;AACA;AACA;AACA;AACA;AACA;AACA;AACA;AACA;AACA;AACA;AACA;AACA;AACA;AACA;AACA;AACA;AACA;AACA;AACA;AACA;AACA;AACA;AACA;AACA;AACA;AACA;AACA;AACA;AACA;AACA;AACA;AACA;AACA;AACA;AACA;AACA;AACA;AACA;AACA;AACA;AACA;AACA;AACA;AACA;AACA;AACA;AACA;AACA;AACA;AACA;AACA;AACA;AACA;AACA;AACA;AACA;AACA;AACA;AACA;AACA;AACA;AACA;AACA;AACA;AACA;AACA;AACA;AACA;AACA;AACA;AACA;AACA;AACA;AACA;AACA;AACA;AACA;AACA;AACA;AACA;AACA;AACA;AACA;AACA;AACA;AACA;AACA;AACA;AACA;AACA;AACA;AACA;AACA;AACA;AACA;AACA;AACA;AACA;AACA;AACA;AACA;AACA;AACA;AACA;AACA;AACA;AACA;AACA;AACA;AACA;AACA;AACA;AACA;AACA;AACA;AACA;AACA;AACA;AACA;AACA;AACA;AACA;AACA;AACA;AACA;AACA;AACA;AACA;AACA;AACA;AACA;AACA;AACA;AACA;AACA;AACA;AACA;AACA;AACA;AACA;AACA;AACA;;;;;AAKA;AACA;;;;AAIA;AACA;;AAEA;AACA;AACA;;;AAGA;;AAEA;AACA;;AAEA;AACA;;;AAGA;;;;;AAKA;;;;AAIA;;AAEA;AACA;;;AAGA;;AAEA;AACA;;AAEA;AACA;;;AAGA;;;;;AAKA;;;;AAIA;;;AAGA;;;AAGA;AACA;AACA;AACA;AACA;AACA;AACA;AACA;AACA;AACA;AACA;AACA;AACA;;;;;;;AAOA;;;AAGA;AACA;AACA;;AAEA;;;;;;;AAOA;AACA;AACA;AACA;AACA;;;AAGA;AACA;;;;AAIA;;;AAGA;;;AAGA;AACA;;AAEA;;;AAGA;;;AAGA;AACA;AACA;AACA;;;AAGA;;AAEA;;AAEA;AACA;;AAEA;;AAEA;AACA;;;AAGA;AACA;AACA;;;;AAIA;AACA;AACA;;;;AAIA;AACA;AACA;AACA;AACA;AACA;AACA;AACA;AACA;AACA;AACA;AACA;AACA;AACA;AACA;AACA;;AAEA;AACA;AACA;AACA;AACA;AACA;;;;;","entry-package-info":"entry|1.0.0"}}
{"key": "entry|entry|1.0.0|node_modules/crypto-js/aes.js", "val": {"version":3,"file":"aes.js","sources":["entry/node_modules/crypto-js/aes.js"],"names":[],"mappings":";;;;;;;;;;;;;;;AAAA;AACA;AACA;AACA;;;AAGA;AACA;;;AAGA;AACA;;AAEA;AACA;AACA;AACA;AACA;AACA;AACA;AACA;AACA;AACA;AACA;AACA;AACA;AACA;AACA;AACA;AACA;AACA;AACA;AACA;AACA;AACA;AACA;AACA;AACA;AACA;AACA;;AAEA;;;;AAIA;AACA;AACA;AACA;AACA;AACA;;AAEA;AACA;AACA;AACA;AACA;AACA;AACA;AACA;AACA;AACA;AACA;AACA;AACA;AACA;AACA;AACA;AACA;;AAEA;AACA;AACA;AACA;AACA;AACA;;AAEA;AACA;AACA;;;;AAIA;AACA;AACA;;AAEA;AACA;AACA;AACA;;;;AAIA;AACA;AACA;AACA;;AAEA;AACA;;AAEA;;AAEA;AACA;;AAEA;AACA;;AAEA;AACA;;AAEA;AACA;;AAEA;;AAEA;AACA;AACA;;AAEA;AACA;;AAEA;AACA;AACA;;AAEA;;;AAGA;AACA;;;AAGA;AACA;;AAEA;AACA;AACA;AACA;AACA;AACA;;;AAGA;;AAEA;AACA;;;;;;AAMA;AACA;;;AAGA;AACA;AACA;;AAEA;;AAEA;;AAEA;AACA;;AAEA;;;AAGA;AACA;AACA;AACA;AACA;AACA;AACA;AACA;AACA;AACA;AACA;AACA;AACA;AACA;AACA;AACA;AACA;AACA;AACA;AACA;AACA;AACA;AACA;;;;;;AAMA;AACA;;;;;AAKA;AACA;AACA;;;;;AAKA;AACA;AACA;AACA;AACA;AACA;AACA;AACA;AACA;AACA;AACA;AACA;;AAEA;AACA;AACA;AACA;AACA;AACA;;;;;","entry-package-info":"entry|1.0.0"}}
{"key": "entry|entry|1.0.0|node_modules/crypto-js/index.js", "val": {"version":3,"file":"index.js","sources":["entry/node_modules/crypto-js/index.js"],"names":[],"mappings":";;;;;;;;;;;;;;;;;;;;;;;;;;;;;;;;;;;;;;;;AAAA;AACA;AACA;AACA;;;AAGA;AACA;;;AAGA;;;AAGA;AACA;;AAEA;AACA;;;;;","entry-package-info":"entry|1.0.0"}}
{"key": "entry|entry|1.0.0|.preview/fakeuiability/FakeUIAbility.ts", "val": {"version":3,"file":"FakeUIAbility.ets","sourceRoot":"","sources":["entry/.preview/fakeuiability/FakeUIAbility.ets"],"names":[],"mappings":"YAAQ,eAAe;OAAE,SAAS;YAAE,IAAI;OAChC,KAAK;YACL,MAAM;AAEd,MAAM,MAAM,GAAG,MAAM,CAAC;AAEtB,MAAM,CAAC,OAAO,OAAO,aAAc,SAAQ,SAAS;IAChD,QAAQ,CAAC,IAAI,EAAE,IAAI,EAAE,WAAW,EAAE,eAAe,CAAC,WAAW,GAAG,IAAI;IACtE,CAAC;IAED,SAAS,IAAI,IAAI;IACjB,CAAC;IAED,mBAAmB,CAAC,WAAW,EAAE,MAAM,CAAC,WAAW,GAAG,IAAI;QACxD,WAAW,CAAC,WAAW,CAAC,aAAa,EAAE,CAAC,GAAG,EAAE,EAAE;YAC7C,IAAI,GAAG,CAAC,IAAI,EAAE;gBACZ,KAAK,CAAC,KAAK,CAAC,MAAM,EAAE,SAAS,EAAE,+CAA+C,EAAE,IAAI,CAAC,SAAS,CAAC,GAAG,CAAC,CAAC,CAAC;gBACrG,OAAO;aACR;QACH,CAAC,CAAC,CAAC;IACL,CAAC;IAED,oBAAoB,IAAI,IAAI;IAC5B,CAAC;IAED,YAAY,IAAI,IAAI;IACpB,CAAC;IAED,YAAY,IAAI,IAAI;IACpB,CAAC;CACF","entry-package-info":"entry|1.0.0"}}
{"key": "entry|entry|1.0.0|src/main/ets/entryability/EntryAbility.ts", "val": {"version":3,"file":"EntryAbility.ets","sourceRoot":"","sources":["entry/src/main/ets/entryability/EntryAbility.ets"],"names":[],"mappings":"YAAS,eAAe;OAAE,qBAAqB;OAAE,SAAS;YAAE,IAAI;OACvD,KAAK;YACL,MAAM;OACR,EAAE,eAAe,EAAE;AAE1B,MAAM,MAAM,GAAG,MAAM,CAAC;AACtB,MAAM,GAAG,GAAG,SAAS,CAAC;AAEtB,MAAM,CAAC,OAAO,OAAO,YAAa,SAAQ,SAAS;IACjD,WAAW;IACX,OAAO,CAAC,qBAAqB,EAAE,OAAO,GAAG,KAAK,CAAC;IAC/C,OAAO,CAAC,iBAAiB,EAAE,MAAM,GAAG,IAAI,GAAG,IAAI,CAAC;IAChD,OAAO,CAAC,sBAAsB,EAAE,OAAO,GAAG,KAAK,CAAC;IAChD,OAAO,CAAC,QAAQ,CAAC,eAAe,GAAG,KAAK,CAAC;IAEzC,OAAO;IAEP,QAAQ,CAAC,IAAI,EAAE,IAAI,EAAE,WAAW,EAAE,eAAe,CAAC,WAAW,GAAG,IAAI;QAClE,IAAI,CAAC,OAAO,CAAC,qBAAqB,EAAE,CAAC,YAAY,CAAC,qBAAqB,CAAC,SAAS,CAAC,kBAAkB,CAAC,CAAC;QACtG,KAAK,CAAC,IAAI,CAAC,MAAM,EAAE,SAAS,EAAE,YAAY,EAAE,kBAAkB,CAAC,CAAC;QAEhE,2BAA2B;QAC3B,IAAI,CAAC,kBAAkB,EAAE,CAAC;IAC5B,CAAC;IAED,SAAS,IAAI,IAAI;QACf,KAAK,CAAC,IAAI,CAAC,MAAM,EAAE,SAAS,EAAE,YAAY,EAAE,mBAAmB,CAAC,CAAC;IACnE,CAAC;IAED,KAAK,CAAC,mBAAmB,CAAC,WAAW,EAAE,MAAM,CAAC,WAAW,GAAG,OAAO,CAAC,IAAI,CAAC;QACvE,KAAK,CAAC,IAAI,CAAC,MAAM,EAAE,SAAS,EAAE,YAAY,EAAE,6BAA6B,CAAC,CAAC;QAE3E,IAAI;YACF,kBAAkB;YAClB,MAAM,IAAI,CAAC,mBAAmB,EAAE,CAAC;YAEjC,IAAI,IAAI,CAAC,iBAAiB,EAAE;gBAC1B,KAAK,CAAC,KAAK,CAAC,MAAM,EAAE,GAAG,EAAE,4CAA4C,EAAE,IAAI,CAAC,iBAAiB,CAAC,CAAC;gBAC/F,SAAS;gBACT,WAAW,CAAC,WAAW,CAAC,qBAAqB,EAAE,CAAC,GAAG,EAAE,EAAE;oBACrD,IAAI,GAAG,EAAE;wBACP,KAAK,CAAC,KAAK,CAAC,MAAM,EAAE,SAAS,EAAE,uCAAuC,EAAE,IAAI,CAAC,SAAS,CAAC,GAAG,CAAC,CAAC,CAAC;qBAC9F;gBACH,CAAC,CAAC,CAAC;gBACH,OAAO;aACR;YAED,MAAM,SAAS,GAAG,eAAe,CAAC,WAAW,EAAE,CAAA;YAC/C,MAAM,WAAW,EAAE,OAAO,GAAG,CAAC,CAAC,MAAM,SAAS,CAAC,oBAAoB,EAAE,CAAC,CAAA;YAEtE,IAAI,WAAW,EAAE;gBACf,iBAAiB;gBACjB,WAAW,CAAC,WAAW,CAAC,aAAa,EAAE,CAAC,GAAG,EAAE,EAAE;oBAC7C,IAAI,GAAG,EAAE;wBACP,KAAK,CAAC,KAAK,CAAC,MAAM,EAAE,SAAS,EAAE,sCAAsC,EAAE,IAAI,CAAC,SAAS,CAAC,GAAG,CAAC,CAAC,CAAC;wBAC5F,OAAO;qBACR;oBACD,KAAK,CAAC,IAAI,CAAC,MAAM,EAAE,SAAS,EAAE,YAAY,EAAE,wCAAwC,CAAC,CAAC;gBACxF,CAAC,CAAC,CAAC;aACJ;iBAAM;gBACL,WAAW,CAAC,WAAW,CAAC,iBAAiB,CAAC,CAAA;aAC3C;SACF;QAAC,OAAO,KAAK,EAAE;YACd,KAAK,CAAC,KAAK,CAAC,MAAM,EAAE,GAAG,EAAE,yCAAyC,EAChE,KAAK,YAAY,KAAK,CAAC,CAAC,CAAC,KAAK,CAAC,OAAO,CAAC,CAAC,CAAC,IAAI,CAAC,SAAS,CAAC,KAAK,CAAC,CAAC,CAAC;SAEnE;IACH,CAAC;IAED,oBAAoB,IAAI,IAAI;QAC1B,KAAK,CAAC,IAAI,CAAC,MAAM,EAAE,SAAS,EAAE,YAAY,EAAE,8BAA8B,CAAC,CAAC;QAE5E,UAAU;QACV,IAAI;YACF,MAAM,SAAS,GAAG,eAAe,CAAC,WAAW,EAAE,CAAC;YAChD,IAAI,SAAS,CAAC,aAAa,EAAE,EAAE;gBAC7B,SAAS,CAAC,KAAK,EAAE,CAAC;gBAClB,KAAK,CAAC,IAAI,CAAC,MAAM,EAAE,GAAG,EAAE,YAAY,EAAE,4BAA4B,CAAC,CAAC;aACrE;SACF;QAAC,OAAO,KAAK,EAAE;YACd,KAAK,CAAC,KAAK,CAAC,MAAM,EAAE,GAAG,EAAE,sCAAsC,EAC7D,KAAK,YAAY,KAAK,CAAC,CAAC,CAAC,KAAK,CAAC,OAAO,CAAC,CAAC,CAAC,IAAI,CAAC,SAAS,CAAC,KAAK,CAAC,CAAC,CAAC;SACnE;IACH,CAAC;IAED,YAAY,IAAI,IAAI;QAClB,KAAK,CAAC,IAAI,CAAC,MAAM,EAAE,SAAS,EAAE,YAAY,EAAE,sBAAsB,CAAC,CAAC;IACtE,CAAC;IAED,YAAY,IAAI,IAAI;QAClB,KAAK,CAAC,IAAI,CAAC,MAAM,EAAE,SAAS,EAAE,YAAY,EAAE,sBAAsB,CAAC,CAAC;IACtE,CAAC;IAED;;OAEG;IACH,OAAO,CAAC,KAAK,CAAC,kBAAkB,IAAI,OAAO,CAAC,IAAI,CAAC;QAC/C,IAAI,IAAI,CAAC,sBAAsB,IAAI,IAAI,CAAC,qBAAqB,EAAE;YAC7D,OAAO;SACR;QAED,IAAI,CAAC,sBAAsB,GAAG,IAAI,CAAC;QACnC,KAAK,CAAC,IAAI,CAAC,MAAM,EAAE,GAAG,EAAE,YAAY,EAAE,qCAAqC,CAAC,CAAC;QAE7E,IAAI;YACF,SAAS;YACT,MAAM,eAAe,CAAC,WAAW,EAAE,CAAC,IAAI,CAAC,IAAI,CAAC,OAAO,CAAC,CAAC;YAEvD,gBAAgB;YAChB,MAAM,OAAO,GAAG,MAAM,eAAe,CAAC,WAAW,EAAE,CAAC,oBAAoB,EAAE,CAAC;YAC3E,KAAK,CAAC,IAAI,CAAC,MAAM,EAAE,GAAG,EAAE,8BAA8B,EAAE,OAAO,CAAC,CAAC,CAAC,OAAO,CAAC,CAAC,CAAC,WAAW,CAAC,CAAC;YAEzF,IAAI,CAAC,qBAAqB,GAAG,IAAI,CAAC;YAClC,IAAI,CAAC,iBAAiB,GAAG,IAAI,CAAC;YAC9B,KAAK,CAAC,IAAI,CAAC,MAAM,EAAE,GAAG,EAAE,YAAY,EAAE,mCAAmC,CAAC,CAAC;SAC5E;QAAC,OAAO,KAAK,EAAE;YACd,IAAI,CAAC,iBAAiB,GAAG,KAAK,YAAY,KAAK,CAAC,CAAC,CAAC,KAAK,CAAC,OAAO,CAAC,CAAC,CAAC,uCAAuC,CAAC;YAC1G,KAAK,CAAC,KAAK,CAAC,MAAM,EAAE,GAAG,EAAE,4CAA4C,EAAE,IAAI,CAAC,iBAAiB,CAAC,CAAC;SAChG;gBAAS;YACR,IAAI,CAAC,sBAAsB,GAAG,KAAK,CAAC;SACrC;IACH,CAAC;IAED;;OAEG;IACH,OAAO,CAAC,KAAK,CAAC,mBAAmB,IAAI,OAAO,CAAC,IAAI,CAAC;QAChD,OAAO,IAAI,OAAO,CAAC,CAAC,OAAO,EAAE,MAAM,EAAE,EAAE;YACrC,MAAM,SAAS,GAAG,IAAI,CAAC,GAAG,EAAE,CAAC;YAC7B,MAAM,aAAa,GAAG,GAAG,CAAC,CAAC,OAAO;YAElC,MAAM,WAAW,GAAG,GAAG,EAAE;gBACvB,IAAI,IAAI,CAAC,qBAAqB,EAAE;oBAC9B,aAAa,CAAC,KAAK,CAAC,CAAC;oBACrB,OAAO,EAAE,CAAC;iBACX;qBAAM,IAAI,IAAI,CAAC,iBAAiB,EAAE;oBACjC,aAAa,CAAC,KAAK,CAAC,CAAC;oBACrB,MAAM,CAAC,IAAI,KAAK,CAAC,IAAI,CAAC,iBAAiB,CAAC,CAAC,CAAC;iBAC3C;qBAAM,IAAI,IAAI,CAAC,GAAG,EAAE,GAAG,SAAS,IAAI,IAAI,CAAC,eAAe,EAAE;oBACzD,aAAa,CAAC,KAAK,CAAC,CAAC;oBACrB,MAAM,CAAC,IAAI,KAAK,CAAC,iCAAiC,CAAC,CAAC,CAAC;iBACtD;YACH,CAAC,CAAC;YAEF,MAAM,KAAK,GAAG,WAAW,CAAC,WAAW,EAAE,aAAa,CAAC,CAAC;YACtD,WAAW,EAAE,CAAC,CAAC,SAAS;QAC1B,CAAC,CAAC,CAAC;IACL,CAAC;CACF","entry-package-info":"entry|1.0.0"}}
{"key": "entry|entry|1.0.0|src/main/ets/entrybackupability/EntryBackupAbility.ts", "val": {"version":3,"file":"EntryBackupAbility.ets","sourceRoot":"","sources":["entry/src/main/ets/entrybackupability/EntryBackupAbility.ets"],"names":[],"mappings":"OAAS,KAAK;OACL,sBAAsB;cAAE,aAAa,IAAb,aAAa;AAE9C,MAAM,MAAM,GAAG,MAAM,CAAC;AAEtB,MAAM,CAAC,OAAO,OAAO,kBAAmB,SAAQ,sBAAsB;IACpE,KAAK,CAAC,QAAQ;QACZ,KAAK,CAAC,IAAI,CAAC,MAAM,EAAE,SAAS,EAAE,aAAa,CAAC,CAAC;QAC7C,MAAM,OAAO,CAAC,OAAO,EAAE,CAAC;IAC1B,CAAC;IAED,KAAK,CAAC,SAAS,CAAC,aAAa,EAAE,aAAa;QAC1C,KAAK,CAAC,IAAI,CAAC,MAAM,EAAE,SAAS,EAAE,yBAAyB,EAAE,IAAI,CAAC,SAAS,CAAC,aAAa,CAAC,CAAC,CAAC;QACxF,MAAM,OAAO,CAAC,OAAO,EAAE,CAAC;IAC1B,CAAC;CACF","entry-package-info":"entry|1.0.0"}}
{"key": "entry|entry|1.0.0|src/main/ets/pages/ActivityListPage.ts", "val": {"version":3,"file":"ActivityListPage.ets","sourceRoot":"","sources":["entry/src/main/ets/pages/ActivityListPage.ets"],"names":[],"mappings":"AACA,MAAM,UAAU,aAAa;CAE5B","entry-package-info":"entry|1.0.0"}}
{"key": "entry|entry|1.0.0|src/main/ets/pages/SignerPage.ts", "val": {"version":3,"file":"SignerPage.ets","sourceRoot":"","sources":["entry/src/main/ets/pages/SignerPage.ets"],"names":[],"mappings":"AACA,MAAM,UAAU,YAAY;CAE3B","entry-package-info":"entry|1.0.0"}}
{"key": "entry|entry|1.0.0|src/main/ets/utils/utils.ts", "val": {"version":3,"file":"utils.ts","sourceRoot":"","sources":["entry/src/main/ets/utils/utils.ts"],"names":[],"mappings":"OAMO,KAAK,cAAc;AAC1B,oBAAoB;AACpB,MAAM,QAAQ,GAAG,cAAc,CAAC;AAChC;;;;;GAKG;AAEH,MAAM,OAAO,aAAa;IACxB,MAAM,CAAC,QAAQ,CAAC,GAAG,EAAE,MAAM,EAAE,MAAM,CAAC,EAAE,MAAM,GAAG,MAAM;QACnD,IAAI,MAAM,KAAK,SAAS,EAAE;YACxB,OAAO,GAAG,CAAA;SACX;QACD,MAAM,KAAK,GAAG,MAAM,CAAC,OAAO,CAAC,MAAM,CAAC,CAAC,GAAG,CAAC,CAAC,CAAC,GAAG,EAAE,KAAK,CAAC,EAAE,EAAE;YACxD,OAAO,GAAG,kBAAkB,CAAC,GAAG,CAAC,IAAI,kBAAkB,CAAC,KAAK,CAAC,EAAE,CAAC;QACnE,CAAC,CAAC,CAAC;QAEH,MAAM,WAAW,GAAG,KAAK,CAAC,IAAI,CAAC,GAAG,CAAC,CAAC;QAEpC,WAAW;QACX,MAAM,SAAS,GAAG,GAAG,CAAC,QAAQ,CAAC,GAAG,CAAC,CAAC,CAAC,CAAC,GAAG,CAAC,CAAC,CAAC,GAAG,CAAC;QAChD,OAAO,GAAG,GAAG,GAAG,SAAS,GAAG,WAAW,EAAE,CAAC;IAC5C,CAAC;IAED;;;OAGG;IAEH,MAAM,CAAC,cAAc,IAAI,MAAM;QAC7B,OAAO,sCAAsC,CAAC,OAAO,CAAC,OAAO,EAAE,CAAC,CAAC,EAAE,EAAE;YACnE,MAAM,CAAC,GAAG,IAAI,CAAC,MAAM,EAAE,GAAG,EAAE,GAAG,CAAC,CAAC;YACjC,MAAM,CAAC,GAAG,CAAC,KAAK,GAAG,CAAC,CAAC,CAAC,CAAC,CAAC,CAAC,CAAC,CAAC,CAAC,GAAG,GAAG,GAAG,GAAG,CAAC,CAAC;YAC1C,OAAO,CAAC,CAAC,QAAQ,CAAC,EAAE,CAAC,CAAC;QACxB,CAAC,CAAC,CAAC;IACL,CAAC;IAGD;;OAEG;IACH,MAAM,CAAC,QAAQ,CAAC,WAAW,GAAG,kBAAkB,CAAC;IAEjD;;;;OAIG;IAEH,MAAM,CAAC,YAAY,CAAC,OAAO,EAAE,MAAM,GAAG,MAAM;QAC1C,mCAAmC;QACnC,MAAM,GAAG,EAAE,MAAM,GAAG,aAAa,CAAC,WAAW,CAAA;QAC7C,MAAM,UAAU,GAAG;YACjB,EAAE,EAAE,QAAQ,CAAC,GAAG,CAAC,IAAI,CAAC,KAAK,CAAC,GAAG,CAAC;YAChC,IAAI,EAAE,QAAQ,CAAC,IAAI,CAAC,GAAG;YACvB,OAAO,EAAE,QAAQ,CAAC,GAAG,CAAC,KAAK;SAC5B,CAAC;QACF,MAAM,MAAM,GAAG,QAAQ,CAAC,GAAG,CAAC,IAAI,CAAC,KAAK,CAAC,GAAG,CAAC,CAAC;QAC5C,4BAA4B;QAC5B,MAAM,UAAU,GAAG,QAAQ,CAAC,GAAG,CAAC,IAAI,CAAC,KAAK,CAAC,OAAO,CAAC,CAAC;QACpD,MAAM,SAAS,GAAG,QAAQ,CAAC,GAAG,CAAC,OAAO,CAAC,UAAU,EAAE,MAAM,EAAE,UAAU,CAAC,CAAC;QACvE,OAAO,QAAQ,CAAC,GAAG,CAAC,MAAM,CAAC,SAAS,CAAC,SAAS,CAAC,UAAU,CAAC,CAAC;IAC7D,CAAC;IAED;;;;;OAKG;IAEH,MAAM,CAAC,YAAY,CAAC,QAAQ,EAAE,MAAM,EAAE,QAAQ,EAAE,MAAM,GAAG,MAAM;QAE7D,kBAAkB;QAClB,MAAM,eAAe,GAAG,kBAAkB,CAAC,QAAQ,CAAC,CAAC;QACrD,MAAM,eAAe,GAAG,kBAAkB,CAAC,QAAQ,CAAC,CAAC;QAErD,aAAa;QACb,OAAO,gBAAgB,eAAe,aAAa,eAAe,uLAAuL,CAAC;IAC5P,CAAC;IAED;;;;OAIG;IACH,MAAM,CAAC,uBAAuB,CAAC,gBAAgB,EAAE,MAAM,EAAE,GAAG,MAAM;QAChE,IAAI,CAAC,KAAK,CAAC,OAAO,CAAC,gBAAgB,CAAC,IAAI,gBAAgB,CAAC,MAAM,KAAK,CAAC,EAAE;YACrE,OAAO,EAAE,CAAC;SACX;QAED,OAAO,gBAAgB;aACpB,GAAG,CAAC,MAAM,CAAC,EAAE,CAAC,MAAM,CAAC,KAAK,CAAC,GAAG,CAAC,CAAC,CAAC,CAAC,CAAC,IAAI,EAAE,CAAC,CAAC,+BAA+B;aAC1E,IAAI,CAAC,IAAI,CAAC,CAAC;IAChB,CAAC;CACF","entry-package-info":"entry|1.0.0"}}