{
	"app": {
		"bundleName": "app.example.debug_database",
		"debug": true,
		"versionCode": 1000000,
		"versionName": "1.0.0",
		"minAPIVersion": 50000012,
		"targetAPIVersion": 50100018,
		"apiReleaseType": "Release",
		"compileSdkVersion": "5.1.0.110",
		"compileSdkType": "HarmonyOS",
		"appEnvironments": [],
		"bundleType": "app",
		"buildMode": "debug"
	},
	"module": {
		"name": "debug_db",
		"type": "har",
		"requestPermissions": [
			{
				"name": "ohos.permission.GET_WIFI_INFO"
			},
			{
				"name": "ohos.permission.INTERNET"
			}
		],
		"deviceTypes": [
			"default",
			"tablet",
			"2in1"
		],
		"packageName": "@hadss/debug-db",
		"installationFree": false,
		"virtualMachine": "ark12.0.2.0",
		"compileMode": "esmodule",
		"dependencies": []
	}
}
