{
  "HVIGOR_OHOS_PLUGIN": {
    "MODULES": [
      {
        "MODULE_NAME": "1043bfc77febe75fafec0c4309faccf1",
        "API_TYPE": "stageMode"
      }
    ],
    "NATIVE_COMPILER": "Default",
    "BUILD_MODE": "debug"
  },
  "HVIGOR": {
    "IS_INCREMENTAL": true,
    "IS_DAEMON": true,
    "IS_PARALLEL": true,
    "IS_HVIGORFILE_TYPE_CHECK": false,
    "TASK_TIME": {
      "1043bfc77febe75fafec0c4309faccf1": {
        "CreateModuleInfo": 778100,
        "ConfigureCmake": 430600,
        "PreCheckSyscap": 537900,
        "ProcessIntegratedHsp": 794300,
        "BuildNativeWithCmake": 383200,
        "SyscapTransform": 5304100,
        "ProcessStartupConfig": 1972200,
        "BuildNativeWithNinja": 597000,
        "GenerateLoaderJson": 26253900,
        "buildHotReloadResource": 410100,
        "BuildJS": 3128100,
        "HotReloadArkTS": 5997782900,
        "ProcessCompiledResources": 317200,
        "PackageHap": 54225700,
        "PackingCheck": 2720700,
        "SignHap": 133151700,
        "CollectDebugSymbol": 514900,
        "assembleHap": 103600
      }
    },
    "APIS": [
      "getHvigorConfig",
      "getRootNodeDescriptor",
      "getChildNode",
      "getNodeByName",
      "getAllNodes",
      "getRootNode",
      "getNodeName",
      "getNodePath",
      "subNodes",
      "getExtraOption",
      "getExtParam",
      "getExtParams",
      "getProperty",
      "getProperties",
      "getParameter",
      "getProductName",
      "nodesEvaluated",
      "getCommandEntryTask",
      "getStartParams"
    ],
    "CONFIG_PROPERTIES": {},
    "TOTAL_TIME": 6485732500,
    "BUILD_ID": "202510302110273260"
  }
}